0,0
0.02,0
0.04,0.12
0.06,0.24
0.08,0.36
0.1,0.48
0.12,0.6
0.14,0.72
0.16,0.84
0.18,0.96
0.2,1.08
0.22,1.2
0.24,1.32
0.26,1.44
0.28,1.56
0.3,1.68
0.32,1.8
0.34,1.92
0.36,2.04
0.38,2.16
0.4,2.28
0.42,2.4
0.44,2.52
0.46,2.64
0.48,2.76
0.5,2.88
0.52,3
0.54,3.11999999999999
0.56,3.23999999999999
0.58,3.33999999999999
0.6,3.43999999999999
0.62,3.53999999999999
0.64,3.63999999999999
0.66,3.73999999999999
0.68,3.83999999999999
0.7,3.93999999999999
0.72,4.03999999999999
0.74,4.13999999999999
0.76,4.23999999999999
0.78,4.34
0.8,4.44
0.82,4.54
0.84,4.64
0.86,4.74
0.88,4.84
0.9,4.94
0.92,5.04000000000001
0.94,5.14000000000001
0.96,5.24000000000001
0.98,5.34000000000001
1,5.44000000000001
1.02,5.54000000000001
1.04,5.64000000000001
1.06,5.74000000000002
1.08,5.84000000000002
1.1,5.94000000000002
1.12,6.04000000000002
1.14,6.14000000000002
1.16,6.21600000000002
1.18,6.29200000000002
1.2,6.36800000000002
1.22,6.44400000000002
1.24,6.52000000000002
1.26,6.59600000000002
1.28,6.67200000000002
1.3,6.74800000000003
1.32,6.82400000000003
1.34,6.90000000000003
1.36,6.97600000000003
1.38,7.05200000000003
1.4,7.12800000000003
1.42,7.20400000000003
1.44,7.28000000000003
1.46,7.35600000000003
1.48,7.43200000000003
1.5,7.50800000000003
1.52,7.58400000000003
1.54,7.66000000000003
1.56,7.73600000000003
1.58,7.81200000000003
1.6,7.88800000000003
1.62,7.96400000000003
1.64,8.04000000000003
1.66,8.11600000000003
1.68,8.19200000000003
1.7,8.26800000000003
1.72,8.34400000000003
1.74,8.42000000000004
1.76,8.49600000000004
1.78,8.57200000000004
1.8,8.64800000000004
1.82,8.72400000000004
1.84,8.80000000000004
1.86,8.87600000000004
1.88,8.9516617241509
1.9,9.02725942214016
1.92,9.10325942214016
1.94,9.16325942214016
1.96,9.22325942214017
1.98,9.28325942214017
2,9.34325942214017
2.02,9.40325942214017
2.04,9.46325942214018
2.06,9.52325193477694
2.08,9.58287056741977
2.1,9.64287056741978
2.12,9.70287056741978
2.14,9.76184572175803
2.16,9.82069640916727
2.18,9.87921665914911
2.2,9.9340088348081
2.22,9.99169242416896
2.24,10.0515017014241
2.26,10.1096800666414
2.28,10.1662587877134
2.3,10.2234041285097
2.32,10.276488308846
2.34,10.3314331354159
2.36,10.3806381855786
2.38,10.4317885697606
2.4,10.4832128632771
2.42,10.5299104388152
2.44,10.579881747549
2.46,10.6230750622008
2.48,10.6665071391603
2.5,10.7082030596011
2.52,10.7507209917584
2.54,10.7945813092234
2.56,10.8356867490818
2.58,10.8786137268384
2.6,10.9161200173835
2.62,10.9530642410209
2.64,10.9917312611321
2.66,11.0236222078175
2.68,11.0604479732936
2.7,11.0964383671261
2.72,11.1299582071111
2.74,11.1657169354942
2.76,11.1958161452221
2.78,11.2261705985791
2.8,11.2585134262864
2.82,11.2939900143148
2.84,11.3245571139067
2.86,11.3566302448563
2.88,11.3901391025782
2.9,11.4227974459442
2.92,11.4522619530452
2.94,11.4791215028633
2.96,11.5085667081877
2.98,11.5356037071276
3,11.5575041359677
3.02,11.5851189462555
3.04,11.6102154171873
3.06,11.6332318237006
3.08,11.660410994775
3.1,11.6821815328588
3.12,11.7060185717411
3.14,11.7276534115829
3.16,11.7484717215571
3.18,11.7700957109456
3.2,11.7922434509248
3.22,11.8145210236863
3.24,11.8358418065239
3.26,11.8563747330312
3.28,11.8740755939655
3.3,11.8930675418684
3.32,11.9124354824401
3.34,11.9321620889811
3.36,11.951321790018
3.38,11.9693135579625
3.4,11.9861956421426
3.42,12.0026458933847
3.44,12.0173741645197
3.46,12.0349706189484
3.48,12.0500454930933
3.5,12.0693460807143
3.52,12.082780790262
3.54,12.0946670396437
3.56,12.1054730886463
3.58,12.1178258760262
3.6,12.1313374261272
3.62,12.1463405531073
3.64,12.1583871023018
3.66,12.170201827413
3.68,12.182493270806
3.7,12.1911228368516
3.72,12.2060671186686
3.74,12.2190307824453
3.76,12.2341596350025
3.78,12.2493894700097
3.8,12.262853616573
3.82,12.2752741743968
3.84,12.2890538658105
3.86,12.3029226175933
3.88,12.3127725028149
3.9,12.3251951567606
3.92,12.3366889528238
3.94,12.3476842117917
3.96,12.3596742270058
3.98,12.3698368330064
4,12.3819581834581
4.02,12.3898952229624
4.04,12.3975294900091
4.06,12.4097315855499
4.08,12.4181359274651
4.1,12.4253695083815
4.12,12.4343613435717
4.14,12.4436535675253
4.16,12.4519988070457
4.18,12.459262956584
4.2,12.4667945440715
4.22,12.4741951226957
4.24,12.4784153798811
4.26,12.4854710871791
4.28,12.4914652373251
4.3,12.4955511939161
4.32,12.504153809096
4.34,12.5112101449625
4.36,12.5182592343812
4.38,12.5240248759559
4.4,12.5317743040313
4.42,12.5351562548471
4.44,12.5331253276368
4.46,12.5424222025398
4.48,12.5454013994935
4.5,12.5516097574267
4.52,12.5566053387003
4.54,12.5619202236901
4.56,12.5687127968515
4.58,12.5736973554015
4.6,12.5782628270848
4.62,12.5813403123147
4.64,12.5830831029844
4.66,12.588976093361
4.68,12.5944941386512
4.7,12.5994177925621
4.72,12.605034150639
4.74,12.6130457947878
4.76,12.6207256975345
4.78,12.6269482662312
4.8,12.6271636255027
4.82,12.6323158428756
4.84,12.6397725703656
4.86,12.6430076107525
4.88,12.6502121593452
4.9,12.6544761661066
4.92,12.6610323975407
4.94,12.6634124904294
4.96,12.6650996781269
4.98,12.6714140912851
5,12.6738792616657
5.02,12.6746961499723
5.04,12.6793687185517
5.06,12.6856744696547
5.08,12.6870473103489
5.1,12.6877284442535
5.12,12.6887330331443
5.14,12.6901581658407
5.16,12.6953399761983
5.18,12.699592010392
5.2,12.7051495164412
5.22,12.7061294987736
5.24,12.7068153365781
5.26,12.7121237999145
5.28,12.7150383748158
5.3,12.7183134700333
5.32,12.71865301294
5.34,12.7192795849214
5.36,12.720510150439
5.38,12.7195677601802
5.4,12.7251575571714
5.42,12.7272442664525
5.44,12.730452804462
5.46,12.7286802198476
5.48,12.7308977696487
5.5,12.7325412349521
5.52,12.7307316627916
5.54,12.7320721248209
5.56,12.7323348189793
5.58,12.7327860246392
5.6,12.7337593780482
5.62,12.7349232658937
5.64,12.7383139561717
5.66,12.7406450139667
5.68,12.7408556325462
5.7,12.7451455780418
5.72,12.7456639475053
5.74,12.7467156649385
5.76,12.7458758412303
5.78,12.7455154697363
5.8,12.7499362379672
5.82,12.7544815081981
5.84,12.7560523255528
5.86,12.7544350061189
5.88,12.7544707461022
5.9,12.752644531816
5.92,12.7551563504416
5.94,12.7546839541896
5.96,12.7571249844629
5.98,12.7593431865434
6,12.7586288881834
6.02,12.759733629321
6.04,12.7605968779927
6.06,12.759042539676
6.08,12.7599858806625
6.1,12.7570535214396
6.12,12.7618538038264
6.14,12.7643915585678
6.16,12.7641160258246
6.18,12.7672589406594
6.2,12.7695082306421
6.22,12.7741630518289
6.24,12.7787728872161
6.26,12.7823908994663
6.28,12.7830758967509
6.3,12.7824461332702
6.32,12.7848025788932
6.34,12.7823094046447
6.36,12.7845994253889
6.38,12.788953237296
6.4,12.7922952196918
6.42,12.7917966962459
6.44,12.7903978685236
6.46,12.7882136989359
6.48,12.7876409672273
6.5,12.7893146887759
6.52,12.78938316658
6.54,12.7918421140136
6.56,12.7944522595183
6.58,12.7924501861752
6.6,12.7934598912497
6.62,12.7967665678411
6.64,12.8008973700161
6.66,12.8049620386593
6.68,12.808212685623
6.7,12.8113384987096
6.72,12.8097080503584
6.74,12.8108764528972
6.76,12.8143038394468
6.78,12.814135068195
6.8,12.8135506751492
6.82,12.8126053607912
6.84,12.8117622217334
6.86,12.8099251245367
6.88,12.8105905487979
6.9,12.8122822869366
6.92,12.8142827521035
6.94,12.8158947589497
6.96,12.813985071684
6.98,12.8160929560518
7,12.8188450618252
7.02,12.8194398951588
7.04,12.8214768337019
7.06,12.8238469350334
7.08,12.8235191944873
7.1,12.8226707050954
7.12,12.8243617553602
7.14,12.8260955198114
7.16,12.8288851779889
7.18,12.8305274586198
7.2,12.8249265136883
7.22,12.8255707442445
7.24,12.8245231059774
7.26,12.8213208125905
7.28,12.8209354216035
7.3,12.8209808674854
7.32,12.8237834219453
7.34,12.8260955358385
7.36,12.8270031367067
7.38,12.8304812259899
7.4,12.8332024337886
7.42,12.8329113237791
7.44,12.834479178608
7.46,12.8346906658026
7.48,12.8332953243062
7.5,12.8338656322431
7.52,12.8324152648502
7.54,12.8357379522054
7.56,12.8378732551615
7.58,12.8408457870617
7.6,12.8405707946518
7.62,12.8414966504807
7.64,12.8430143954714
7.66,12.8455709449583
7.68,12.8487106570489
7.7,12.8463875379824
7.72,12.8477129291404
7.74,12.8462378128091
7.76,12.8453369668939
7.78,12.844784529144
7.8,12.8444777840593
7.82,12.844157036031
7.84,12.8443453699967
7.86,12.84509781274
7.88,12.8443270636934
7.9,12.8455595694133
7.92,12.8436948180631
7.94,12.8458487557131
7.96,12.8451007124549
7.98,12.8481837373407
8,12.84678130192
8.02,12.8479576010749
8.04,12.8510219750365
8.06,12.8484356480484
8.08,12.8460330976685
8.1,12.8452348750058
8.12,12.8452513656784
8.14,12.8465942970637
8.16,12.8457084240919
8.18,12.8441884149401
8.2,12.8448987269143
8.22,12.8398319348691
8.24,12.840033156889
8.26,12.8376562023064
8.28,12.835509146549
8.3,12.8348794128275
8.32,12.8370600197782
8.34,12.8392366859248
8.36,12.8409125069738
8.38,12.8399953565721
8.4,12.839316013222
8.42,12.8370478240194
8.44,12.8349055532528
8.46,12.8379618413125
8.48,12.8391053981151
8.5,12.837221498457
8.52,12.8372373016001
8.54,12.8355756378901
8.56,12.8370187576862
8.58,12.8383216743686
8.6,12.8358658716344
8.62,12.834627585121
8.64,12.8328680047797
8.66,12.8306552852972
8.68,12.8300493801052
8.7,12.8284250849099
8.72,12.8313905145959
8.74,12.8323947055677
8.76,12.8345231565088
8.78,12.8340966258164
8.8,12.8324914484352
8.82,12.833956616139
8.84,12.8317389533711
8.86,12.8324882959238
8.88,12.8335459659656
8.9,12.831794482463
8.92,12.8309918227062
8.94,12.830502963909
8.96,12.8266707523254
8.98,12.828947513899
9,12.8305178036915
9.02,12.8261397301947
9.04,12.8290324431892
9.06,12.8279899540526
9.08,12.8269508386563
9.1,12.8252027577461
9.12,12.8219204094141
9.14,12.8194784390918
9.16,12.8216122192486
9.18,12.8222121549503
9.2,12.8193853227475
9.22,12.8218847999535
9.24,12.8238038565017
9.26,12.8253218463697
9.28,12.8275160583375
9.3,12.8260710171101
9.32,12.8262895428004
9.34,12.8245812959623
9.36,12.8280555051063
9.38,12.8267261243129
9.4,12.8291026011365
9.42,12.8307899272013
9.44,12.8328421753185
9.46,12.8270202250974
9.48,12.8267904472479
9.5,12.8258562801709
9.52,12.8284311229212
9.54,12.8278564587429
9.56,12.8276779858157
9.58,12.8258511612425
9.6,12.8250298647539
9.62,12.8266712922761
9.64,12.8230593676235
9.66,12.823519687979
9.68,12.8250531336046
9.7,12.8255489402099
9.72,12.8281150273293
9.74,12.8300895149429
9.76,12.8295254376056
9.78,12.82979674068
9.8,12.8309428282672
9.82,12.8302658163665
9.84,12.8297402081219
9.86,12.8307710310343
9.88,12.8331169661684
9.9,12.8334053910207
9.92,12.8346077265856
9.94,12.8346855466285
9.96,12.8357982318324
9.98,12.8365792968365
10,12.8396278290735
10.02,12.8389761858487
10.04,12.8421836292673
10.06,12.8454041055503
10.08,12.848560432965
10.1,12.851652350854
10.12,12.8546811421947
10.14,12.8576480951776
10.16,12.8605544723337
10.18,12.8634015104301
10.2,12.8661904209835
10.22,12.8689223907749
10.24,12.8715985823552
10.26,12.8742201345397
10.28,12.8767881628926
10.3,12.8793037602018
10.32,12.8817679969439
10.34,12.8841819217399
10.36,12.886546561801
10.38,12.8888629233662
10.4,12.8911319921302
10.42,12.8933547336629
10.44,12.8955320938203
10.46,12.897664999147
10.48,12.8997543572706
10.5,12.9018010572877
10.52,12.9038059701423
10.54,12.9057699489965
10.56,12.9076938295937
10.58,12.9095784306137
10.6,12.9114245540219
10.62,12.9132329854096
10.64,12.9150044943291
10.66,12.916739834621
10.68,12.9184397447344
10.7,12.920104948042
10.72,12.9217361531473
10.74,12.9233340541864
10.76,12.9248993311235
10.78,12.9264326500398
10.8,12.9279346634173
10.82,12.9294060104165
10.84,12.9308473171482
10.86,12.9322591969398
10.88,12.9336422505969
10.9,12.9349970666581
10.92,12.9363242216461
10.94,12.937624280313
10.96,12.93889779588
10.98,12.9401453102738
11,12.9413673543562
11.02,12.9425644481507
11.04,12.9437371010636
11.06,12.9448858121006
11.08,12.9460110700793
11.1,12.9471133538373
11.12,12.9481931324357
11.14,12.9492508653589
11.16,12.9502870027102
11.18,12.9513019854031
11.2,12.9522962453489
11.22,12.9532702056408
11.24,12.9542242807338
11.26,12.955158876621
11.28,12.9560743910063
11.3,12.9569712134739
11.32,12.9578497256538
11.34,12.9587103013843
11.36,12.9595533068712
11.38,12.9603791008435
11.4,12.9611880347061
11.42,12.9619804526892
11.44,12.9627566919951
11.46,12.9635170829413
11.48,12.9642619491014
11.5,12.9649916074426
11.52,12.9657063684606
11.54,12.9664065363117
11.56,12.9670924089425
11.58,12.9677642782163
11.6,12.9684224300374
11.62,12.9690671444731
11.64,12.9696986958723
11.66,12.9703173529829
11.68,12.9709233790654
11.7,12.9715170320058
11.72,12.9720985644245
11.74,12.9726682237844
11.76,12.9732262524959
11.78,12.9737728880202
11.8,12.9743083629703
11.82,12.9748329052099
11.84,12.9753467379505
11.86,12.9758500798463
11.88,12.9763431450872
11.9,12.9768261434903
11.92,12.9772992805886
11.94,12.9777627577188
11.96,12.978216772107
11.98,12.9786615169526
12,12.9790971815105
12.02,12.9795239511714
12.04,12.9799420075412
12.06,12.9803515285178
12.08,12.980752688367
12.1,12.9811456577966
12.12,12.9815306040293
12.14,12.9819076908733
12.16,12.9822770787928
12.18,12.9826389249753
12.2,12.9829933833994
12.22,12.9833406048999
12.24,12.9836807372319
12.26,12.9840139251339
12.28,12.9843403103893
12.3,12.9846600318866
12.32,12.9849732256788
12.34,12.9852800250411
12.36,12.9855805605275
12.38,12.9858749600267
12.4,12.9861633488162
12.42,12.9864458496156
12.44,12.9867225826393
12.46,12.986993665647
12.48,12.9872592139942
12.5,12.9875193406813
12.52,12.9877741564014
12.54,12.9880237695878
12.56,12.9882682864597
12.58,12.988507811068
12.6,12.9887424453388
12.62,12.9889722891174
12.64,12.9891974402107
12.66,12.9894179944283
12.68,12.9896340456241
12.7,12.9898456857355
12.72,12.990053004823
12.74,12.9902560911083
12.76,12.9904550310119
12.78,12.9906499091897
12.8,12.9908408085695
12.82,12.9910278103857
12.84,12.9912109942143
12.86,12.9913904380066
12.88,12.9915662181223
12.9,12.9917384093621
12.92,12.9919070849997
12.94,12.9920723168125
12.96,12.9922341751125
12.98,12.9923927287762
13,12.992548045274
13.02,12.9927001906984
13.04,12.992849229793
13.06,12.992995225979
13.08,12.9931382413831
13.1,12.9932783368636
13.12,12.9934155720359
13.14,12.9935500052986
13.16,12.9936816938579
13.18,12.9938106937519
13.2,12.9939370598748
13.22,12.9940608459997
13.24,12.9941821048022
13.26,12.9943008878822
13.28,12.9944172457862
13.3,12.9945312280286
13.32,12.9946428831128
13.34,12.9947522585523
13.36,12.99485940089
13.38,12.994964355719
13.4,12.9950671677012
13.42,12.9951678805868
13.44,12.9952665372328
13.46,12.995363179621
13.48,12.9954578488764
13.5,12.9955505852839
13.52,12.9956414283064
13.54,12.9957304166007
13.56,12.9958175880346
13.58,12.9959029797026
13.6,12.9959866279419
13.62,12.9960685683479
13.64,12.996148835789
13.66,12.9962274644221
13.68,12.9963044877063
13.7,12.9963799384178
13.72,12.9964538486637
13.74,12.9965262498953
13.76,12.9965971729221
13.78,12.9966666479242
13.8,12.9967347044657
13.82,12.9968013715072
13.84,12.9968666774179
13.86,12.9969306499878
13.88,12.9969933164394
13.9,12.9970547034397
13.92,12.9971148371109
13.94,12.9971737430421
13.96,12.9972314462999
13.98,12.997287971439
14,12.997343342513
14.02,12.9973975830842
14.04,12.997450716234
14.06,12.9975027645723
14.08,12.9975537502476
14.1,12.9976036949562
14.12,12.9976526199512
14.14,12.9977005460521
14.16,12.9977474936531
14.18,12.997793482732
14.2,12.997838532859
14.22,12.9978826632043
14.24,12.9979258925472
14.26,12.9979682392831
14.28,12.9980097214321
14.3,12.9980503566465
14.32,12.9980901622178
14.34,12.9981291550849
14.36,12.9981673518405
14.38,12.9982047687388
14.4,12.998241421702
14.42,12.9982773263273
14.44,12.9983124978932
14.46,12.9983469513667
14.48,12.9983807014088
14.5,12.9984137623815
14.52,12.9984461483533
14.54,12.9984778731057
14.56,12.9985089501386
14.58,12.9985393926765
14.6,12.9985692136737
14.62,12.9985984258202
14.64,12.9986270415467
14.66,12.9986550730303
14.68,12.9986825321994
14.7,12.9987094307388
14.72,12.9987357800948
14.74,12.99876159148
14.76,12.9987868758781
14.78,12.9988116440485
14.8,12.9988359065309
14.82,12.99885967365
14.84,12.9988829555194
14.86,12.9989057620464
14.88,12.998928102936
14.9,12.998949987695
14.92,12.9989714256363
14.94,12.9989924258824
14.96,12.9990129973697
14.98,12.9990331488521
15,12.9990528889047
15.02,12.9990722259276
15.04,12.9990911681495
15.06,12.999109723631
15.08,12.999127900268
15.1,12.9991457057954
15.12,12.99916314779
15.14,12.9991802336741
15.16,12.9991969707183
15.18,12.9992133660448
15.2,12.9992294266305
15.22,12.9992451593096
15.24,12.9992605707769
15.26,12.9992756675908
15.28,12.9992904561752
15.3,12.9993049428234
15.32,12.9993191336999
15.34,12.9993330348434
15.36,12.9993466521694
15.38,12.9993599914726
15.4,12.9993730584292
15.42,12.9993858585997
15.44,12.9993983974311
15.46,12.9994106802591
15.48,12.9994227123105
15.5,12.9994344987053
15.52,12.9994460444591
15.54,12.999457354485
15.56,12.9994684335958
15.58,12.9994792865061
15.6,12.9994899178342
15.62,12.9995003321041
15.64,12.9995105337474
15.66,12.9995205271053
15.68,12.9995303164304
15.7,12.9995399058883
15.72,12.9995492995597
15.74,12.9995585014419
15.76,12.9995675154507
15.78,12.9995763454219
15.8,12.9995849951129
15.82,12.9995934682044
15.84,12.9996017683022
15.86,12.9996098989381
15.88,12.999617863572
15.9,12.9996256655933
15.92,12.9996333083218
15.94,12.99964079501
15.96,12.9996481288435
15.98,12.9996553129433
16,12.9996623503665
16.02,12.9996692441076
16.04,12.9996759971003
16.06,12.9996826122181
16.08,12.9996890922761
16.1,12.9996954400317
16.12,12.9997016581862
16.14,12.9997077493856
16.16,12.9997137162219
16.18,12.9997195612341
16.2,12.9997252869097
16.22,12.999730895685
16.24,12.9997363899468
16.26,12.9997417720331
16.28,12.9997470442342
16.3,12.9997522087935
16.32,12.9997572679089
16.34,12.999762223733
16.36,12.9997670783748
16.38,12.9997718339002
16.4,12.9997764923327
16.42,12.9997810556546
16.44,12.999785525808
16.46,12.9997899046949
16.48,12.9997941941787
16.5,12.9997983960848
16.52,12.9998025122013
16.54,12.9998065442796
16.56,12.9998104940355
16.58,12.9998143631499
16.6,12.9998181532692
16.62,12.9998218660062
16.64,12.9998255029408
16.66,12.9998290656207
16.68,12.9998325555619
16.7,12.9998359742495
16.72,12.9998393231383
16.74,12.9998426036533
16.76,12.9998458171905
16.78,12.9998489651174
16.8,12.9998520487736
16.82,12.9998550694713
16.84,12.9998580284958
16.86,12.9998609271064
16.88,12.9998637665365
16.9,12.9998665479943
16.92,12.9998692726636
16.94,12.9998719417037
16.96,12.9998745562504
16.98,12.9998771174164
17,12.9998796262914
17.02,12.999882083943
17.04,12.9998844914172
17.06,12.9998868497383
17.08,12.99988915991
17.1,12.9998914229152
17.12,12.999893639717
17.14,12.9998958112587
17.16,12.9998979384644
17.18,12.9999000222392
17.2,12.9999020634699
17.22,12.9999040630252
17.24,12.9999060217558
17.26,12.9999079404953
17.28,12.9999098200601
17.3,12.9999116612502
17.32,12.999913464849
17.34,12.999915231624
17.36,12.999916962327
17.38,12.9999186576946
17.4,12.999920318448
17.42,12.9999219452941
17.44,12.9999235389252
17.46,12.9999251000193
17.48,12.9999266292408
17.5,12.9999281272404
17.52,12.9999295946556
17.54,12.9999310321108
17.56,12.9999324402177
17.58,12.9999338195754
17.6,12.9999351707711
17.62,12.9999364943796
17.64,12.9999377909642
17.66,12.9999390610766
17.68,12.9999403052573
17.7,12.9999415240358
17.72,12.9999427179306
17.74,12.9999438874499
17.76,12.9999450330913
17.78,12.9999461553423
17.8,12.9999472546805
17.82,12.9999483315736
17.84,12.99994938648
17.86,12.9999504198485
17.88,12.9999514321189
17.9,12.999952423722
17.92,12.9999533950796
17.94,12.9999543466052
17.96,12.9999552787036
17.98,12.9999561917715
18,12.9999570861974
18.02,12.999957962362
18.04,12.999958820638
18.06,12.9999596613908
18.08,12.999960484978
18.1,12.9999612917502
18.12,12.9999620820506
18.14,12.9999628562156
18.16,12.9999636145746
18.18,12.9999643574503
18.2,12.9999650851588
18.22,12.9999657980098
18.24,12.9999664963066
18.26,12.9999671803464
18.28,12.9999678504203
18.3,12.9999685068134
18.32,12.999969149805
18.34,12.9999697796687
18.36,12.9999703966726
18.38,12.9999710010792
18.4,12.9999715931458
18.42,12.9999721731242
18.44,12.9999727412613
18.46,12.9999732977988
18.48,12.9999738429736
18.5,12.9999743770176
18.52,12.9999749001581
18.54,12.9999754126178
18.56,12.9999759146146
18.58,12.9999764063622
18.6,12.9999768880699
18.62,12.9999773599427
18.64,12.9999778221813
18.66,12.9999782749824
18.68,12.9999787185388
18.7,12.9999791530392
18.72,12.9999795786684
18.74,12.9999799956076
18.76,12.9999804040342
18.78,12.9999808041221
18.8,12.9999811960414
18.82,12.999981579959
18.84,12.9999819560381
18.86,12.999982324439
18.88,12.9999826853182
18.9,12.9999830388294
18.92,12.999983385123
18.94,12.9999837243465
18.96,12.999984056644
18.98,12.9999843821571
19,12.9999847010242
19.02,12.9999850133811
19.04,12.9999853193606
19.06,12.9999856190929
19.08,12.9999859127057
19.1,12.9999862003239
19.12,12.9999864820698
19.14,12.9999867580633
19.16,12.9999870284219
19.18,12.9999872932606
19.2,12.9999875526922
19.22,12.999987806827
19.24,12.9999880557731
19.26,12.9999882996366
19.28,12.9999885385211
19.3,12.9999887725284
19.32,12.999989001758
19.34,12.9999892263074
19.36,12.9999894462722
19.38,12.9999896617461
19.4,12.9999898728207
19.42,12.9999900795857
19.44,12.9999902821293
19.46,12.9999904805376
19.48,12.999990674895
19.5,12.9999908652843
19.52,12.9999910517864
19.54,12.9999912344807
19.56,12.999991413445
19.58,12.9999915887553
19.6,12.9999917604864
19.62,12.9999919287113
19.64,12.9999920935016
19.66,12.9999922549274
19.68,12.9999924130574
19.7,12.9999925679588
19.72,12.9999927196977
19.74,12.9999928683385
19.76,12.9999930139445
19.78,12.9999931565778
19.8,12.9999932962989
19.82,12.9999934331673
19.84,12.9999935672413
19.86,12.999993698578
19.88,12.9999938272332
19.9,12.9999939532616
19.92,12.9999940767169
19.94,12.9999941976517
19.96,12.9999943161174
19.98,12.9999944321643
20,12.999994545842
20.02,12.9999946571987
20.04,12.9999947662819
20.06,12.9999948731379
20.08,12.9999949778123
20.1,12.9999950803495
20.12,12.9999951807933
20.14,12.9999952791863
20.16,12.9999953755704
20.18,12.9999954699867
20.2,12.9999955624753
20.22,12.9999956530755
20.24,12.999995741826
20.26,12.9999958287645
20.28,12.999995913928
20.3,12.9999959973527
20.32,12.9999960790741
20.34,12.9999961591271
20.36,12.9999962375456
20.38,12.9999963143631
20.4,12.9999963896122
20.42,12.9999964633249
20.44,12.9999965355326
20.46,12.9999966062661
20.48,12.9999966755555
20.5,12.9999967434302
20.52,12.9999968099191
20.54,12.9999968750505
20.56,12.9999969388521
20.58,12.9999970013511
20.6,12.999997062574
20.62,12.999997122547
20.64,12.9999971812955
20.66,12.9999972388446
20.68,12.9999972952187
20.7,12.9999973504418
20.72,12.9999974045374
20.74,12.9999974575286
20.76,12.9999975094378
20.78,12.9999975602873
20.8,12.9999976100985
20.82,12.9999976588928
20.84,12.9999977066908
20.86,12.9999977535129
20.88,12.9999977993791
20.9,12.9999978443089
20.92,12.9999978883213
20.94,12.9999979314351
20.96,12.9999979736687
20.98,12.99999801504
21,12.9999980555666
21.02,12.9999980952658
21.04,12.9999981341545
21.06,12.9999981722492
21.08,12.9999982095661
21.1,12.9999982461211
21.12,12.9999982819298
21.14,12.9999983170073
21.16,12.9999983513687
21.18,12.9999983850286
21.2,12.9999984180012
21.22,12.9999984503006
21.24,12.9999984819406
21.26,12.9999985129346
21.28,12.9999985432958
21.3,12.9999985730371
21.32,12.9999986021712
21.34,12.9999986307104
21.36,12.999998658667
21.38,12.9999986860528
21.4,12.9999987128795
21.42,12.9999987391584
21.44,12.9999987649008
21.46,12.9999987901177
21.48,12.9999988148196
21.5,12.9999988390173
21.52,12.9999988627209
21.54,12.9999988859405
21.56,12.9999989086861
21.58,12.9999989309673
21.6,12.9999989527936
21.62,12.9999989741742
21.64,12.9999989951184
21.66,12.9999990156349
21.68,12.9999990357325
21.7,12.9999990554198
21.72,12.9999990747052
21.74,12.9999990935968
21.76,12.9999991121027
21.78,12.9999991302307
21.8,12.9999991479887
21.82,12.9999991653841
21.84,12.9999991824243
21.86,12.9999991991166
21.88,12.9999992154681
21.9,12.9999992314858
21.92,12.9999992471764
21.94,12.9999992625467
21.96,12.9999992776032
21.98,12.9999992923522
22,12.9999993068002
22.02,12.9999993209531
22.04,12.9999993348171
22.06,12.9999993483981
22.08,12.9999993617017
22.1,12.9999993747338
22.12,12.9999993874997
22.14,12.999999400005
22.16,12.9999994122551
22.18,12.999999424255
22.2,12.9999994360099
22.22,12.9999994475248
22.24,12.9999994588046
22.26,12.9999994698541
22.28,12.999999480678
22.3,12.9999994912809
22.32,12.9999995016673
22.34,12.9999995118417
22.36,12.9999995218084
22.38,12.9999995315715
22.4,12.9999995411354
22.42,12.9999995505039
22.44,12.9999995596812
22.46,12.9999995686712
22.48,12.9999995774775
22.5,12.9999995861041
22.52,12.9999995945546
22.54,12.9999996028325
22.56,12.9999996109414
22.58,12.9999996188847
22.6,12.9999996266659
22.62,12.9999996342882
22.64,12.9999996417549
22.66,12.9999996490691
22.68,12.999999656234
22.7,12.9999996632526
22.72,12.999999670128
22.74,12.9999996768629
22.76,12.9999996834603
22.78,12.9999996899231
22.8,12.9999996962539
22.82,12.9999997024554
22.84,12.9999997085303
22.86,12.9999997144812
22.88,12.9999997203106
22.9,12.999999726021
22.92,12.9999997316148
22.94,12.9999997370944
22.96,12.9999997424621
22.98,12.9999997477202
23,12.999999752871
23.02,12.9999997579166
23.04,12.9999997628591
23.06,12.9999997677008
23.08,12.9999997724436
23.1,12.9999997770896
23.12,12.9999997816407
23.14,12.9999997860989
23.16,12.9999997904661
23.18,12.9999997947441
23.2,12.9999997989348
23.22,12.9999998030399
23.24,12.9999998070612
23.26,12.9999998110004
23.28,12.9999998148592
23.3,12.9999998186392
23.32,12.999999822342
23.34,12.9999998259692
23.36,12.9999998295224
23.38,12.999999833003
23.4,12.9999998364126
23.42,12.9999998397525
23.44,12.9999998430242
23.46,12.9999998462292
23.48,12.9999998493687
23.5,12.9999998524441
23.52,12.9999998554567
23.54,12.9999998584079
23.56,12.9999998612987
23.58,12.9999998641306
23.6,12.9999998669046
23.62,12.999999869622
23.64,12.9999998722839
23.66,12.9999998748914
23.68,12.9999998774458
23.7,12.9999998799479
23.72,12.999999882399
23.74,12.9999998848001
23.76,12.9999998871521
23.78,12.9999998894561
23.8,12.999999891713
23.82,12.9999998939239
23.84,12.9999998960897
23.86,12.9999998982112
23.88,12.9999999002894
23.9,12.9999999023252
23.92,12.9999999043194
23.94,12.9999999062729
23.96,12.9999999081865
23.98,12.999999910061
24,12.9999999118973
24.02,12.9999999136961
24.04,12.9999999154581
24.06,12.9999999171842
24.08,12.999999918875
24.1,12.9999999205314
24.12,12.9999999221539
24.14,12.9999999237432
24.16,12.9999999253001
24.18,12.9999999268253
24.2,12.9999999283193
24.22,12.9999999297828
24.24,12.9999999312164
24.26,12.9999999326207
24.28,12.9999999339964
24.3,12.999999935344
24.32,12.9999999366641
24.34,12.9999999379572
24.36,12.9999999392239
24.38,12.9999999404648
24.4,12.9999999416803
24.42,12.999999942871
24.44,12.9999999440374
24.46,12.99999994518
24.48,12.9999999462992
24.5,12.9999999473956
24.52,12.9999999484696
24.54,12.9999999495217
24.56,12.9999999505523
24.58,12.9999999515619
24.6,12.9999999525508
24.62,12.9999999535196
24.64,12.9999999544686
24.66,12.9999999553982
24.68,12.9999999563088
24.7,12.9999999572009
24.72,12.9999999580747
24.74,12.9999999589307
24.76,12.9999999597692
24.78,12.9999999605906
24.8,12.9999999613952
24.82,12.9999999621834
24.84,12.9999999629555
24.86,12.9999999637118
24.88,12.9999999644527
24.9,12.9999999651785
24.92,12.9999999658894
24.94,12.9999999665858
24.96,12.999999967268
24.98,12.9999999679363
25,12.999999968591
25.02,12.9999999692322
25.04,12.9999999698604
25.06,12.9999999704758
25.08,12.9999999710786
25.1,12.9999999716691
25.12,12.9999999722475
25.14,12.9999999728141
25.16,12.9999999733692
25.18,12.9999999739129
25.2,12.9999999744455
25.22,12.9999999749672
25.24,12.9999999754783
25.26,12.999999975979
25.28,12.9999999764694
25.3,12.9999999769498
25.32,12.9999999774204
25.34,12.9999999778814
25.36,12.999999978333
25.38,12.9999999787754
25.4,12.9999999792087
25.42,12.9999999796332
25.44,12.9999999800491
25.46,12.9999999804564
25.48,12.9999999808554
25.5,12.9999999812463
25.52,12.9999999816292
25.54,12.9999999820043
25.56,12.9999999823717
25.58,12.9999999827316
25.6,12.9999999830841
25.62,12.9999999834295
25.64,12.9999999837678
25.66,12.9999999840992
25.68,12.9999999844239
25.7,12.9999999847419
25.72,12.9999999850534
25.74,12.9999999853586
25.76,12.9999999856575
25.78,12.9999999859503
25.8,12.9999999862372
25.82,12.9999999865182
25.84,12.9999999867934
25.86,12.9999999870631
25.88,12.9999999873272
25.9,12.9999999875859
25.92,12.9999999878394
25.94,12.9999999880877
25.96,12.9999999883309
25.98,12.9999999885691
26,12.9999999888025
26.02,12.9999999890311
26.04,12.9999999892551
26.06,12.9999999894745
26.08,12.9999999896894
26.1,12.9999999898999
26.12,12.9999999901061
26.14,12.9999999903081
26.16,12.999999990506
26.18,12.9999999906998
26.2,12.9999999908897
26.22,12.9999999910757
26.24,12.9999999912579
26.26,12.9999999914364
26.28,12.9999999916112
26.3,12.9999999917825
26.32,12.9999999919503
26.34,12.9999999921146
26.36,12.9999999922756
26.38,12.9999999924333
26.4,12.9999999925878
26.42,12.9999999927391
26.44,12.9999999928874
26.46,12.9999999930326
26.48,12.9999999931749
26.5,12.9999999933142
26.52,12.9999999934507
26.54,12.9999999935844
26.56,12.9999999937154
26.58,12.9999999938437
26.6,12.9999999939694
26.62,12.9999999940925
26.64,12.9999999942131
26.66,12.9999999943313
26.68,12.999999994447
26.7,12.9999999945604
26.72,12.9999999946715
26.74,12.9999999947803
26.76,12.9999999948868
26.78,12.9999999949912
26.8,12.9999999950935
26.82,12.9999999951936
26.84,12.9999999952918
26.86,12.9999999953879
26.88,12.9999999954821
26.9,12.9999999955743
26.92,12.9999999956647
26.94,12.9999999957532
26.96,12.9999999958399
26.98,12.9999999959248
27,12.999999996008
27.02,12.9999999960895
27.04,12.9999999961694
27.06,12.9999999962476
27.08,12.9999999963242
27.1,12.9999999963993
27.12,12.9999999964728
27.14,12.9999999965448
27.16,12.9999999966153
27.18,12.9999999966844
27.2,12.9999999967521
27.22,12.9999999968184
27.24,12.9999999968834
27.26,12.999999996947
27.28,12.9999999970094
27.3,12.9999999970704
27.32,12.9999999971302
27.34,12.9999999971888
27.36,12.9999999972462
27.38,12.9999999973024
27.4,12.9999999973575
27.42,12.9999999974115
27.44,12.9999999974643
27.46,12.9999999975161
27.48,12.9999999975668
27.5,12.9999999976165
27.52,12.9999999976651
27.54,12.9999999977128
27.56,12.9999999977595
27.58,12.9999999978053
27.6,12.9999999978501
27.62,12.999999997894
27.64,12.999999997937
27.66,12.9999999979791
27.68,12.9999999980203
27.7,12.9999999980608
27.72,12.9999999981003
27.74,12.9999999981391
27.76,12.9999999981771
27.78,12.9999999982143
27.8,12.9999999982508
27.82,12.9999999982865
27.84,12.9999999983215
27.86,12.9999999983558
27.88,12.9999999983893
27.9,12.9999999984222
27.92,12.9999999984544
27.94,12.999999998486
27.96,12.9999999985169
27.98,12.9999999985472
28,12.9999999985769
28.02,12.9999999986059
28.04,12.9999999986344
28.06,12.9999999986623
28.08,12.9999999986896
28.1,12.9999999987163
28.12,12.9999999987425
28.14,12.9999999987682
28.16,12.9999999987933
28.18,12.999999998818
28.2,12.9999999988421
28.22,12.9999999988657
28.24,12.9999999988889
28.26,12.9999999989116
28.28,12.9999999989338
28.3,12.9999999989556
28.32,12.9999999989769
28.34,12.9999999989978
28.36,12.9999999990183
28.38,12.9999999990383
28.4,12.9999999990579
28.42,12.9999999990772
28.44,12.999999999096
28.46,12.9999999991145
28.48,12.9999999991326
28.5,12.9999999991503
28.52,12.9999999991676
28.54,12.9999999991846
28.56,12.9999999992013
28.58,12.9999999992176
28.6,12.9999999992335
28.62,12.9999999992492
28.64,12.9999999992645
28.66,12.9999999992795
28.68,12.9999999992942
28.7,12.9999999993086
28.72,12.9999999993228
28.74,12.9999999993366
28.76,12.9999999993501
28.78,12.9999999993634
28.8,12.9999999993764
28.82,12.9999999993891
28.84,12.9999999994016
28.86,12.9999999994138
28.88,12.9999999994258
28.9,12.9999999994375
28.92,12.999999999449
28.94,12.9999999994602
28.96,12.9999999994713
28.98,12.999999999482
29,12.9999999994926
29.02,12.999999999503
29.04,12.9999999995131
29.06,12.9999999995231
29.08,12.9999999995328
29.1,12.9999999995423
29.12,12.9999999995517
29.14,12.9999999995608
29.16,12.9999999995698
29.18,12.9999999995786
29.2,12.9999999995872
29.22,12.9999999995956
29.24,12.9999999996039
29.26,12.999999999612
29.28,12.9999999996199
29.3,12.9999999996276
29.32,12.9999999996352
29.34,12.9999999996427
29.36,12.99999999965
29.38,12.9999999996571
29.4,12.9999999996641
29.42,12.999999999671
29.44,12.9999999996777
29.46,12.9999999996843
29.48,12.9999999996907
29.5,12.999999999697
29.52,12.9999999997032
29.54,12.9999999997093
29.56,12.9999999997152
29.58,12.999999999721
29.6,12.9999999997267
29.62,12.9999999997323
29.64,12.9999999997378
29.66,12.9999999997431
29.68,12.9999999997484
29.7,12.9999999997535
29.72,12.9999999997585
29.74,12.9999999997635
29.76,12.9999999997683
29.78,12.999999999773
29.8,12.9999999997777
29.82,12.9999999997822
29.84,12.9999999997867
29.86,12.999999999791
29.88,12.9999999997953
29.9,12.9999999997995
29.92,12.9999999998036
29.94,12.9999999998076
29.96,12.9999999998115
29.98,12.9999999998153
30,12.9999999998191
30.02,12.9999999998228
30.04,12.9926299229119
30.06,12.9856175897526
30.08,12.9811047593174
30.1,12.979388435246
30.12,12.977913240518
30.14,12.9769130378249
30.16,12.9721433821788
30.18,12.9712751125734
30.2,12.9689397216399
30.22,12.9656126265883
30.24,12.9628753080741
30.26,12.9587995616438
30.28,12.9582842940109
30.3,12.9566558752631
30.32,12.9570553223723
30.34,12.95213355851
30.36,12.9475351784567
30.38,12.9476380071353
30.4,12.9468367329232
30.42,12.9460099633528
30.44,12.945766499928
30.46,12.945637278216
30.48,12.9404575750943
30.5,12.9369465601
30.52,12.9368354578058
30.54,12.9362457813899
30.56,12.9354680097044
30.58,12.9336157819673
30.6,12.9332114093212
30.62,12.9306182523357
30.64,12.9319540241493
30.66,12.9333416591026
30.68,12.9342686189189
30.7,12.9344963565422
30.72,12.9319548658811
30.74,12.9318526207782
30.76,12.9314239676801
30.78,12.9264933024885
30.8,12.9234323674206
30.82,12.9236271260708
30.84,12.9251584787224
30.86,12.9250543586978
30.88,12.9238401123189
30.9,12.919024357203
30.92,12.9160596015535
30.94,12.915190271182
30.96,12.9120650975049
30.98,12.9091109657722
31,12.9069424393544
31.02,12.9034967780372
31.04,12.9030516344896
31.06,12.9025846013224
31.08,12.9008172811306
31.1,12.8982013684961
31.12,12.8955631550236
31.14,12.8961566038766
31.16,12.8922748450664
31.18,12.8864798778198
31.2,12.8871587808897
31.22,12.8851243815898
31.24,12.8851738324417
31.26,12.8818547902762
31.28,12.8829429854756
31.3,12.8827725747103
31.32,12.8810159059663
31.34,12.8807478757593
31.36,12.8800558199781
31.38,12.8787157927341
31.4,12.8755849060043
31.42,12.8729227851805
31.44,12.8702214018114
31.46,12.8696372692743
31.48,12.8722328412381
31.5,12.8748400958526
31.52,12.8742941403009
31.54,12.872101023718
31.56,12.8730745125255
31.58,12.8708256943541
31.6,12.8694745168799
31.62,12.8702228944192
31.64,12.8728334040816
31.66,12.8713737039531
31.68,12.8705933941351
31.7,12.8692269602769
31.72,12.8703558076742
31.74,12.8700631664228
31.76,12.8694986543514
31.78,12.8703506900144
31.8,12.8708121971312
31.82,12.8678517854776
31.84,12.8675003039045
31.86,12.8674836475977
31.88,12.8629213069606
31.9,12.8609122983545
31.92,12.8613659894688
31.94,12.8641477435017
31.96,12.8663122105706
31.98,12.8654435252761
32,12.8676723097941
32.02,12.8668361655562
32.04,12.8685816484268
32.06,12.8685593031516
32.08,12.8688392999435
32.1,12.8714681138804
32.12,12.8704777300784
32.14,12.8683414920879
32.16,12.8658575587482
32.18,12.8669882830444
32.2,12.8686537678085
32.22,12.8693030723033
32.24,12.870469433676
32.26,12.8728615487131
32.28,12.8716492077557
32.3,12.8660474065873
32.32,12.8660881913637
32.34,12.8676958443897
32.36,12.8646603987072
32.38,12.8651536079591
32.4,12.8653081948863
32.42,12.8675637310659
32.44,12.8672212233059
32.46,12.8662622201262
32.48,12.865289621293
32.5,12.8613341060173
32.52,12.8621427386436
32.54,12.8638403372934
32.56,12.8590841837606
32.58,12.8574487084784
32.6,12.8546756829703
32.62,12.8558207188762
32.64,12.8546582532079
32.66,12.854580597425
32.68,12.853623994217
32.7,12.8512277842229
32.72,12.8495582577343
32.74,12.8508860602096
32.76,12.8483666678523
32.78,12.8481637408843
32.8,12.8501030397181
32.82,12.8499745752994
32.84,12.8506055954738
32.86,12.8483693577686
32.88,12.8490088628289
32.9,12.8487784760156
32.92,12.8465831438101
32.94,12.8466543619163
32.96,12.8488675718235
32.98,12.8460940602629
33,12.8491167088264
33.02,12.8471972928077
33.04,12.8436537600753
33.06,12.8422061908536
33.08,12.8399621950723
33.1,12.8420284976424
33.12,12.8411862992562
33.14,12.8439271015077
33.16,12.8435121942357
33.18,12.8433639395153
33.2,12.8435422988059
33.22,12.8447145167717
33.24,12.8448919788468
33.26,12.8431857437221
33.28,12.8414969812211
33.3,12.8432660980526
33.32,12.8446138028044
33.34,12.8464265492005
33.36,12.8456119741755
33.38,12.8461774300484
33.4,12.8443479636114
33.42,12.8433238386444
33.44,12.8438630512225
33.46,12.8432913008361
33.48,12.8449243535184
33.5,12.8449292069698
33.52,12.8480307198994
33.54,12.85028207167
33.56,12.8509005088917
33.58,12.8520093593992
33.6,12.8524293578914
33.62,12.8515834614506
33.64,12.8524920024033
33.66,12.8529741361879
33.68,12.8521159839739
33.7,12.8451832973447
33.72,12.8415929457047
33.74,12.8442046946262
33.76,12.843702614217
33.78,12.8420624667243
33.8,12.84518841444
33.82,12.8467195172755
33.84,12.8416259311282
33.86,12.8446915407827
33.88,12.847694331465
33.9,12.8488829432566
33.92,12.8459149515536
33.94,12.8465431249903
33.96,12.8480579881938
33.98,12.8510457149588
34,12.8510823700127
34.02,12.8529207890469
34.04,12.8539967832835
34.06,12.8520397193619
34.08,12.8475651637568
34.1,12.8443576755077
34.12,12.8440976807084
34.14,12.8438358474337
34.16,12.8426100471404
34.18,12.8410357399702
34.2,12.8406120048629
34.22,12.8406129236392
34.24,12.8395032781556
34.26,12.8410717798537
34.28,12.8442817142906
34.3,12.8426827524834
34.32,12.8416673787705
34.34,12.8400561152609
34.36,12.8359135656725
34.38,12.8391124433673
34.4,12.8394966631556
34.42,12.8391461249251
34.44,12.8373181560913
34.46,12.83827444371
34.48,12.8396211440814
34.5,12.8407684097553
34.52,12.8439759868737
34.54,12.8455510800616
34.56,12.8461844278593
34.58,12.8481278671971
34.6,12.8492136822443
34.62,12.8503597625639
34.64,12.8506621890792
34.66,12.8498412704097
34.68,12.8490018474394
34.7,12.8487036413034
34.72,12.8517236043546
34.74,12.8520527734837
34.76,12.8500560080172
34.78,12.8493953398985
34.8,12.8471443282466
34.82,12.8462107790851
34.84,12.8451929414593
34.86,12.8422792100881
34.88,12.8406781292916
34.9,12.8415925382361
34.92,12.8447789756503
34.94,12.8381990685622
34.96,12.8412467339083
34.98,12.8389061722529
35,12.8385273505741
35.02,12.8380637421683
35.04,12.8403127611436
35.06,12.8431961437997
35.08,12.8442747007798
35.1,12.8439377749042
35.12,12.8430076522959
35.14,12.8450407342165
35.16,12.8462536015794
35.18,12.8492834772694
35.2,12.8505963298182
35.22,12.8533566975582
35.24,12.8526722335723
35.26,12.8507856081086
35.28,12.8508405851262
35.3,12.846559116088
35.32,12.8473581838963
35.34,12.8483181374714
35.36,12.8478492359439
35.38,12.8502451187879
35.4,12.8488778544112
35.42,12.8518729520354
35.44,12.8518176965971
35.46,12.8529785428241
35.48,12.8478059226127
35.5,12.8467765626501
35.52,12.8457593204238
35.54,12.8488237891708
35.56,12.8483366409887
35.58,12.8457061481499
35.6,12.8484403843781
35.62,12.8485278953196
35.64,12.8438339641038
35.66,12.8468634061974
35.68,12.8449810121651
35.7,12.8445327757844
35.72,12.8476331555411
35.74,12.8479147203425
35.76,12.8461441787362
35.78,12.8488546280754
35.8,12.7530251699577
35.82,12.6567304262395
35.84,12.5619411083356
35.86,12.4686695885005
35.88,12.37688883965
35.9,12.2865715390806
35.92,12.1976908560615
35.94,12.1102204586108
35.96,12.0241345045313
35.98,11.9394076322934
36,11.8560149520824
36.02,11.7739320370121
36.04,11.6931349145017
36.06,11.6136000578142
36.08,11.5353043777518
36.1,11.4582252145059
36.12,11.3823403296594
36.14,11.3076278983377
36.16,11.234066501506
36.18,11.1616351184103
36.2,11.0903131191584
36.22,11.0200802574404
36.24,10.9509166633836
36.26,10.8828028365414
36.28,10.8157196390121
36.3,10.7496482886864
36.32,10.6845703526206
36.34,10.6204677405328
36.36,10.557322698421
36.38,10.4951178022998
36.4,10.433835952053
36.42,10.3734603654024
36.44,10.313974571987
36.46,10.2553624075542
36.48,10.197608008258
36.5,10.1406958050641
36.52,10.0846105182591
36.54,10.0293371520617
36.56,9.9748609893347
36.58,9.92116758639503
36.6,9.86824276792104
36.62,9.81607262195417
36.64,9.76464349499403
36.66,9.71394198718464
36.68,9.66395494759056
36.7,9.61466946956082
36.72,9.56607288617937
36.74,9.51815276580021
36.76,9.47089690766564
36.78,9.4242933376063
36.8,9.37833030382114
36.82,9.33299627273613
36.84,9.28827992494001
36.86,9.24417015119587
36.88,9.20065604852693
36.9,9.15772691637527
36.92,9.11537225283216
36.94,9.07358175093852
36.96,9.03234529505442
36.98,8.99165295729611
37,8.95149499403944
37.02,8.9118618424885
37.04,8.87274411730806
37.06,8.83413260731883
37.08,8.79601827225425
37.1,8.7583922395777
37.12,8.72124580135901
37.14,8.68457041120913
37.16,8.64835768127196
37.18,8.61259937927215
37.2,8.57728742561792
37.22,8.54241389055789
37.24,8.50797099139081
37.26,8.4739510897273
37.28,8.44034668880265
37.3,8.40715043083953
37.32,8.37435509446004
37.34,8.34195359214577
37.36,8.3099389677453
37.38,8.27830439402809
37.4,8.24704317028395
37.42,8.21614871996718
37.44,8.18561458838468
37.46,8.15543444042708
37.48,8.12560205834208
37.5,8.09611133954941
37.52,8.06695629449634
37.54,8.03813104455326
37.56,8.00962981994837
37.58,7.98144695774092
37.6,7.95357689983215
37.62,7.92601419101328
37.64,7.89875347704994
37.66,7.87178950280219
37.68,7.84511711037959
37.7,7.81873123733067
37.72,7.79262691486613
37.74,7.76679926611502
37.76,7.74124350441362
37.78,7.71595493162596
37.8,7.69092893649581
37.82,7.66616099302928
37.84,7.64164665890753
37.86,7.61738157392915
37.88,7.59336145848143
37.9,7.56958211204019
37.92,7.54603941169753
37.94,7.52272931071704
37.96,7.4996478371158
37.98,7.47679109227301
38,7.4541552495643
38.02,7.43173655302165
38.04,7.40953131601823
38.06,7.38753591997768
38.08,7.36574681310749
38.1,7.344160509156
38.12,7.32277358619248
38.14,7.30158268540997
38.16,7.28058450995044
38.18,7.25977582375179
38.2,7.23915345041641
38.22,7.21871427210068
38.24,7.19845522842529
38.26,7.17837331540581
38.28,7.15846558440313
38.3,7.13872914109353
38.32,7.11916114445789
38.34,7.09975880578974
38.36,7.08051938772179
38.38,7.06144020327058
38.4,7.04251861489894
38.42,7.02375203359592
38.44,7.00513791797383
38.46,6.98667377338212
38.48,6.96835715103778
38.5,6.9501856471719
38.52,6.93215690219215
38.54,6.91426859986089
38.56,6.89651846648851
38.58,6.87890427014189
38.6,6.86142381986753
38.62,6.84407496492917
38.64,6.82685559405965
38.66,6.80976363472666
38.68,6.79279705241218
38.7,6.77595384990536
38.72,6.75923206660851
38.74,6.74262977785612
38.76,6.72614509424647
38.78,6.70977616098574
38.8,6.69352115724431
38.82,6.67737829552508
38.84,6.66134582104352
38.86,6.64542201111932
38.88,6.62960517457929
38.9,6.61389365117147
38.92,6.5982858109901
38.94,6.5827800539113
38.96,6.56737480903929
38.98,6.5520685341629
39,6.53685971522222
39.02,6.52174686578519
39.04,6.50672852653387
39.06,6.49180326476041
39.08,6.47696967387227
39.1,6.46222637290675
39.12,6.44757200605452
39.14,6.43300524219204
39.16,6.41852477442267
39.18,6.40412931962635
39.2,6.38981761801768
39.22,6.37558843271214
39.24,6.36144054930055
39.26,6.3473727754313
39.28,6.33338394040043
39.3,6.31947289474937
39.32,6.30563850987011
39.34,6.29187967761778
39.36,6.27819530993041
39.38,6.26458433845576
39.4,6.25104571418518
39.42,6.23757840709418
39.44,6.22418140578975
39.46,6.21085371716429
39.48,6.19759436605589
39.5,6.18440239491502
39.52,6.17127686347737
39.54,6.15821684844282
39.56,6.14522144316038
39.58,6.132289757319
39.6,6.11942091664413
39.62,6.10661406259989
39.64,6.09386835209693
39.66,6.08118295720551
39.68,6.06855706487415
39.7,6.05598987665335
39.72,6.04348060842455
39.74,6.03102849013409
39.76,6.01863276553215
39.78,6.00629269191655
39.8,5.99400753988131
39.82,5.98177659306988
39.84,5.96959914793301
39.86,5.9574745134911
39.88,5.94540201110094
39.9,5.9333809742269
39.92,5.92141074821622
39.94,5.90949069007867
39.96,5.89762016827015
39.98,5.88579856248044
40,5.87402526342483
40.02,5.86229967263962
40.04,5.85062120228152
40.06,5.8389892749307
40.08,5.82740332339752
40.1,5.81586279053288
40.12,5.80436712904211
40.14,5.79291580130227
40.16,5.78150827918296
40.18,5.77014404387032
40.2,5.75882258569442
40.22,5.74754340395984
40.24,5.73630600677937
40.26,5.72510991091085
40.28,5.71395464159702
40.3,5.70283973240834
40.32,5.69176472508878
40.34,5.68072916940447
40.36,5.66973262299511
40.38,5.65877465122824
40.4,5.64785482705613
40.42,5.63697273087543
40.44,5.62612795038932
40.46,5.61532008047237
40.48,5.60454872303775
40.5,5.59381348690705
40.52,5.58311398768248
40.54,5.57244984762138
40.56,5.56182069551319
40.58,5.55122616655862
40.6,5.54066590225108
40.62,5.53013955026038
40.64,5.51964676431851
40.66,5.50918720410757
40.68,5.49876053514986
40.7,5.48836642869992
40.72,5.47800456163859
40.74,5.46767461636914
40.76,5.4573762807152
40.78,5.44710924782068
40.8,5.4368732160515
40.82,5.42666788889924
40.84,5.41649297488643
40.86,5.40634818747376
40.88,5.39623324496889
40.9,5.38614787043708
40.92,5.37609179161337
40.94,5.36606474081646
40.96,5.35606645486416
40.98,5.34609667499048
41,5.33615514676413
41.02,5.3262416200087
41.04,5.3163558487242
41.06,5.30649759101011
41.08,5.29666660898987
41.1,5.28686266873675
41.12,5.27708554020113
41.14,5.26733499713908
41.16,5.25761081704234
41.18,5.24791278106956
41.2,5.23824067397881
41.22,5.22859428406136
41.24,5.21897340307674
41.26,5.20937782618889
41.28,5.19980735190365
41.3,5.19026178200727
41.32,5.18074092150616
41.34,5.17124457856771
41.36,5.16177256446226
41.38,5.15232469350609
41.4,5.14290078300551
41.42,5.133500653202
41.44,5.1241241272183
41.46,5.11477103100562
41.48,5.10544119329171
41.5,5.09613444552999
41.52,5.08685062184954
41.54,5.07758955900615
41.56,5.06835109633411
41.58,5.05913507569904
41.6,5.04994134145152
41.62,5.04076974038162
41.64,5.03162012167425
41.66,5.02249233686535
41.68,5.0133862397989
41.7,5.00430168658474
41.72,4.99523853555713
41.74,4.98619664723413
41.76,4.97717588427771
41.78,4.96817611145461
41.8,4.95919719559793
41.82,4.95023900556941
41.84,4.94130141222246
41.86,4.93238428836583
41.88,4.92348750872795
41.9,4.91461094992202
41.92,4.90575449041161
41.94,4.89691801047705
41.96,4.88810139218229
41.98,4.87930451934253
42,4.87052727749234
42.02,4.86176955385439
42.04,4.85303123730882
42.06,4.84431221836313
42.08,4.83561238912263
42.1,4.82693164326145
42.12,4.81826987599409
42.14,4.80962698404751
42.16,4.80100286563368
42.18,4.79239742042276
42.2,4.78381054951662
42.22,4.775242155423
42.24,4.76669214203005
42.26,4.75816041458139
42.28,4.74964687965162
42.3,4.74115144512227
42.32,4.73267402015825
42.34,4.72421451518467
42.36,4.71577284186413
42.38,4.70734891307441
42.4,4.69894264288662
42.42,4.69055394654368
42.44,4.68218274043928
42.46,4.67382894209717
42.48,4.66549247015085
42.5,4.65717324432369
42.52,4.6488711854093
42.54,4.64058621525241
42.56,4.63231825672999
42.58,4.62406723373277
42.6,4.61583307114712
42.62,4.60761569483719
42.64,4.5994150316275
42.66,4.59123100928573
42.68,4.58306355650592
42.7,4.57491260289193
42.72,4.56677807894124
42.74,4.55865991602902
42.76,4.55055804639253
42.78,4.54247240311575
42.8,4.53440292011439
42.82,4.52634953212108
42.84,4.5183121746709
42.86,4.51029078408714
42.88,4.50228529746735
42.9,4.49429565266965
42.92,4.48632178829926
42.94,4.4783636436953
42.96,4.47042115891787
42.98,4.46249427473529
43,4.45458293261166
43.02,4.44668707469459
43.04,4.43880664380321
43.06,4.43094158341632
43.08,4.42309183766087
43.1,4.41525735130056
43.12,4.40743806972468
43.14,4.39963393893721
43.16,4.39184490554601
43.18,4.38407091675233
43.2,4.37631192034043
43.22,4.36856786466742
43.24,4.36083869865332
43.26,4.35312437177123
43.28,4.34542483403775
43.3,4.33774003600355
43.32,4.33006992874413
43.34,4.3224144638507
43.36,4.31477359342131
43.38,4.30714727005207
43.4,4.29953544682857
43.42,4.29193807731747
43.44,4.28435511555819
43.46,4.27678651605484
43.48,4.2692322337682
43.5,4.26169222410793
43.52,4.25416644292488
43.54,4.24665484650355
43.56,4.23915739155471
43.58,4.23167403520813
43.6,4.22420473500543
43.62,4.21674944889314
43.64,4.20930813521577
43.66,4.20188075270913
43.68,4.19446726049367
43.7,4.18706761806802
43.72,4.17968178530259
43.74,4.17230972243334
43.76,4.16495139005562
43.78,4.15760674911815
43.8,4.15027576091712
43.82,4.14295838709036
43.84,4.13565458961165
43.86,4.12836433078512
43.88,4.12108757323978
43.9,4.1138242799241
43.92,4.10657441410075
43.94,4.09933793934136
43.96,4.09211481952149
43.98,4.08490501881555
44,4.07770850169194
44.02,4.07052523290824
44.04,4.0633551775064
44.06,4.05619830080818
44.08,4.04905456841055
44.1,4.0419239461812
44.12,4.03480640025417
44.14,4.02770189702555
44.16,4.02061040314919
44.18,4.01353188553259
44.2,4.00646631133281
44.22,3.99941364795247
44.24,3.99237386303579
44.26,3.98534692446474
44.28,3.9783328003553
44.3,3.97133145905366
44.32,3.96434286913263
44.34,3.95736699938802
44.36,3.95040381883514
44.38,3.94345329670534
44.4,3.93651540244262
44.42,3.92959010570029
44.44,3.92267737633772
44.46,3.91577718441711
44.48,3.90888950020038
44.5,3.90201429414602
44.52,3.89515153690609
44.54,3.88830119932324
44.56,3.88146325242777
44.58,3.87463766743479
44.6,3.86782441574133
44.62,3.86102346892366
44.64,3.85423479873449
44.66,3.84745837710038
44.68,3.84069417611905
44.7,3.83394216805683
44.72,3.82720232534618
44.74,3.82047462058313
44.76,3.81375902652492
44.78,3.80705551608756
44.8,3.80036406234351
44.82,3.79368463851935
44.84,3.78701721799356
44.86,3.78036177429426
44.88,3.77371828109704
44.9,3.76708671222283
44.92,3.76046704163579
44.94,3.75385924344124
44.96,3.74726329188364
44.98,3.74067916134459
45,3.73410682634091
45.02,3.72754626152267
45.04,3.72099744167134
45.06,3.71446034169793
45.08,3.70793493664118
45.1,3.70142120166576
45.12,3.69491911206055
45.14,3.68842864323687
45.16,3.68194977072684
45.18,3.6754824701817
45.2,3.66902671737017
45.22,3.66258248817689
45.24,3.65614975860079
45.26,3.6497285047536
45.28,3.64331870285831
45.3,3.63692032924769
45.32,3.63053336036282
45.34,3.62415777275167
45.36,3.61779354306769
45.38,3.61144064806839
45.4,3.60509906461405
45.42,3.59876876966632
45.44,3.59244974028693
45.46,3.58614195363643
45.48,3.57984538697289
45.5,3.57356001765068
45.52,3.56728582311921
45.54,3.56102278092181
45.56,3.55477086869447
45.58,3.54853006416473
45.6,3.54230034515056
45.62,3.53608168955918
45.64,3.52987407538604
45.66,3.52367748071367
45.68,3.5174918837107
45.7,3.51131726263077
45.72,3.50515359581152
45.74,3.49900086167358
45.76,3.49285903871962
45.78,3.48672810553336
45.8,3.4806080407786
45.82,3.47449882319833
45.84,3.46840043161378
45.86,3.46231284492353
45.88,3.45623604210262
45.9,3.45017000220171
45.92,3.44411470434618
45.94,3.43807012773532
45.96,3.43203625164151
45.98,3.42601305540936
46,3.42000051845501
46.02,3.41399862026525
46.04,3.4080073403968
46.06,3.40202665847556
46.08,3.39605655419584
46.1,3.39009700731965
46.12,3.38414799767598
46.14,3.3782095051601
46.16,3.37228150973286
46.18,3.36636399142001
46.2,3.36045693031155
46.22,3.35456030656102
46.24,3.34867410038495
46.26,3.34279829206211
46.28,3.33693286193298
46.3,3.3310777903991
46.32,3.32523305792246
46.34,3.31939864502491
46.36,3.3135745322876
46.38,3.30776070035039
46.4,3.30195712991128
46.42,3.29616380172589
46.44,3.29038069660686
46.46,3.28460779542339
46.48,3.27884507910064
46.5,3.27309252861927
46.52,3.2673501250149
46.54,3.26161784937763
46.56,3.25589568285153
46.58,3.25018360663417
46.6,3.24448160197616
46.62,3.23878965018064
46.64,3.23310773260287
46.66,3.22743583064974
46.68,3.22177392577937
46.7,3.21612199950062
46.72,3.21048003337269
46.74,3.20484800900471
46.76,3.19922590805531
46.78,3.1936137122322
46.8,3.18801140329179
46.82,3.18241896303878
46.84,3.17683637332579
46.86,3.17126361605295
46.88,3.16570067316756
46.9,3.16014752666368
46.92,3.15460415858179
46.94,3.14907055100844
46.96,3.14354668607587
46.98,3.13803254596169
47,3.13252811288854
47.02,3.12703336912371
47.04,3.12154829697888
47.06,3.11607287880972
47.08,3.11060709701566
47.1,3.10515093403947
47.12,3.09970437236704
47.14,3.09426739452704
47.16,3.08883998309059
47.18,3.08342212067102
47.2,3.07801378992356
47.22,3.07261497354504
47.24,3.0672256542736
47.26,3.06184581488845
47.28,3.05647543820958
47.3,3.05111450709747
47.32,3.04576300445287
47.34,3.04042091321648
47.36,3.03508821636876
47.38,3.02976489692963
47.4,3.02445093795822
47.42,3.01914632255268
47.44,3.01385103384986
47.46,3.00856505502514
47.48,3.00328836929215
47.5,2.99802095990258
47.52,2.9927628101459
47.54,2.98751390334919
47.56,2.98227422287691
47.58,2.97704375213063
47.6,3.09704375213063
47.62,3.21704375213063
47.64,3.31704375213063
47.66,3.41704375213063
47.68,3.51704375213063
47.7,3.61704375213063
47.72,3.71704375213063
47.74,3.81704375213063
47.76,3.91704375213063
47.78,4.01704375213063
47.8,4.11704375213063
47.82,4.21704375213063
47.84,4.31704375213063
47.86,4.41704375213063
47.88,4.51704375213063
47.9,4.61704375213064
47.92,4.71704375213064
47.94,4.81704375213064
47.96,4.91704375213064
47.98,5.01704375213064
48,5.11704375213064
48.02,5.21704375213064
48.04,5.31704375213065
48.06,5.41704375213065
48.08,5.51704375213065
48.1,5.61704375213065
48.12,5.71704375213065
48.14,5.81704375213065
48.16,5.91704375213065
48.18,6.01704375213066
48.2,6.11704375213066
48.22,6.19304375213066
48.24,6.26904375213066
48.26,6.34504375213066
48.28,6.42104375213066
48.3,6.49704375213066
48.32,6.57304375213066
48.34,6.64904375213066
48.36,6.72504375213066
48.38,6.80104375213066
48.4,6.87704375213066
48.42,6.95304375213066
48.44,7.02904375213066
48.46,7.10504375213066
48.48,7.18104375213066
48.5,7.25704375213066
48.52,7.33304375213067
48.54,7.40904375213067
48.56,7.48504375213067
48.58,7.56104375213067
48.6,7.63704375213067
48.62,7.71304375213067
48.64,7.78904375213067
48.66,7.86504375213067
48.68,7.94104375213067
48.7,8.01704375213067
48.72,8.09304375213067
48.74,8.16904375213067
48.76,8.24504375213067
48.78,8.32104375213067
48.8,8.39704375213067
48.82,8.47304375213067
48.84,8.54904375213067
48.86,8.62504375213067
48.88,8.70104375213067
48.9,8.77704375213068
48.92,8.85304375213068
48.94,8.92904375213068
48.96,9.00504375213068
48.98,9.08104375213068
49,9.14104375213068
49.02,9.20104375213068
49.04,9.26104375213068
49.06,9.32104375213069
49.08,9.38104375213069
49.1,9.44104375213069
49.12,9.50104375213069
49.14,9.5610437521307
49.16,9.6210437521307
49.18,9.6810437521307
49.2,9.7410437521307
49.22,9.8010437521307
49.24,9.86104375213071
49.26,9.92104375213071
49.28,9.98104375213071
49.3,10.0410437521307
49.32,10.1010437521307
49.34,10.1602228770881
49.36,10.2182020020455
49.38,10.2749975445037
49.4,10.3306335044628
49.42,10.3851335535727
49.44,10.4385208834835
49.46,10.490818212412
49.48,10.5420477947424
49.5,10.5922314304941
49.52,10.6413904745993
49.54,10.6895458459894
49.56,10.7367180364974
49.58,10.7829271195776
49.6,10.8281927588477
49.62,10.8725342164561
49.64,10.9159703612792
49.66,10.95851967695
49.68,11.0002002697245
49.7,11.0410298761855
49.72,11.081025870791
49.74,11.1202052732673
49.76,11.1585847558514
49.78,11.1961806503861
49.8,11.2330089552691
49.82,11.2690853422614
49.84,11.304425163156
49.86,11.3390434563107
49.88,11.3729549530476
49.9,11.4061740839214
49.92,11.4387149848604
49.94,11.470591503182
49.96,11.5018172034848
49.98,11.5324053734212
50,11.5623690293515
50.02,11.5917209218831
50.04,11.620473541296
50.06,11.6486391228584
50.08,11.6762296520324
50.1,11.7032568695753
50.12,11.7297322765346
50.14,11.7556671391431
50.16,11.7810724936124
50.18,11.8059591508296
50.2,11.8303377009573
50.22,11.8542185179407
50.24,11.8776117639216
50.26,11.9005273935628
50.28,11.9229751582843
50.3,11.9449646104131
50.32,11.9665051072474
50.34,11.9876058150391
50.36,12.0082757128942
50.38,12.0285235965934
50.4,12.0483580823355
50.42,12.0677876104036
50.44,12.0868204487569
50.46,12.1054646965489
50.48,12.1237282875737
50.5,12.1416189936427
50.52,12.1591444278913
50.54,12.1763120480184
50.56,12.1931291594606
50.58,12.2096029185002
50.6,12.225740335311
50.62,12.241548276941
50.64,12.2570334702348
50.66,12.272202504696
50.68,12.2870618352913
50.7,12.3016177851973
50.72,12.3158765484915
50.74,12.3298441927876
50.76,12.3435266618177
50.78,12.356929777962
50.8,12.3700592447256
50.82,12.3829206491664
50.84,12.3955194642719
50.86,12.4078610512886
50.88,12.4199506620031
50.9,12.4317934409773
50.92,12.4433944277373
50.94,12.4547585589177
50.96,12.465890670363
50.98,12.4767954991846
51,12.4874776857774
51.02,12.4979417757937
51.04,12.5081922220781
51.06,12.5182333865623
51.08,12.5280695421207
51.1,12.5377048743894
51.12,12.547143483547
51.14,12.5563893860592
51.16,12.5654465163883
51.18,12.5743187286671
51.2,12.5830097983394
51.22,12.591523423766
51.24,12.5998632277992
51.26,12.6080327593239
51.28,12.6160354947679
51.3,12.6238748395814
51.32,12.6315541296861
51.34,12.6390766328945
51.36,12.6464455503007
51.38,12.6536640176428
51.4,12.6607351066368
51.42,12.667661826284
51.44,12.6744471241512
51.46,12.6810938876256
51.48,12.6876049451425
51.5,12.69398306739
51.52,12.7002309684872
51.54,12.7063513071394
51.56,12.7123466877696
51.58,12.7182196616268
51.6,12.7239727278715
51.62,12.7296083346389
51.64,12.7351288800815
51.66,12.7405367133887
51.68,12.7458341357871
51.7,12.7510234015193
51.72,12.7561067188036
51.74,12.7610862507732
51.76,12.7659641163971
51.78,12.7707423913817
51.8,12.7754231090537
51.82,12.7800082612261
51.84,12.784499799045
51.86,12.7888996338205
51.88,12.7932096378396
51.9,12.7974316451632
51.92,12.8015674524064
51.94,12.8056188195031
51.96,12.809587470455
51.98,12.8134750940649
52,12.8172833446558
52.02,12.8210138427745
52.04,12.8246681758814
52.06,12.8282478990259
52.08,12.8317545355083
52.1,12.8351895775278
52.12,12.8385544868176
52.14,12.8418506952671
52.16,12.8450796055307
52.18,12.8482425916254
52.2,12.8513409995147
52.22,12.8543761476822
52.24,12.8573493276919
52.26,12.8602618047383
52.28,12.8631148181845
52.3,12.8659095820897
52.32,12.868647285726
52.34,12.8713290940842
52.36,12.8739561483697
52.38,12.876529566488
52.4,12.8790504435206
52.42,12.8815198521909
52.44,12.8839388433205
52.46,12.8863084462766
52.48,12.8886296694102
52.5,12.8909035004847
52.52,12.8931309070965
52.54,12.8953128370868
52.56,12.8974502189449
52.58,12.8995439622031
52.6,12.9015949578242
52.62,12.9036040785802
52.64,12.9055721794237
52.66,12.9075000978521
52.68,12.9093886542636
52.7,12.9112386523066
52.72,12.9130508792213
52.74,12.9148261061752
52.76,12.9165650885907
52.78,12.9182685664672
52.8,12.9199372646954
52.82,12.9215718933661
52.84,12.9231731480722
52.86,12.9247417102048
52.88,12.9262782472434
52.9,12.9277834130393
52.92,12.9292578480944
52.94,12.9307021798336
52.96,12.9321170228718
52.98,12.9335029792751
53,12.9348606388176
53.02,12.9361905792321
53.04,12.9374933664558
53.06,12.9387695548712
53.08,12.940019687542
53.1,12.9412442964446
53.12,12.9424439026938
53.14,12.9436190167649
53.16,12.944770138711
53.18,12.9458977583757
53.2,12.9470023556015
53.22,12.948084400434
53.24,12.9491443533219
53.26,12.9501826653133
53.28,12.9511997782468
53.3,12.9521961249406
53.32,12.9531721293756
53.34,12.9541282068768
53.36,12.9550647642893
53.38,12.9559822001518
53.4,12.956880904866
53.42,12.9577612608629
53.44,12.9586236427656
53.46,12.9594684175484
53.48,12.960295944693
53.5,12.9611065763421
53.52,12.9619006574482
53.54,12.9626785259214
53.56,12.9634405127724
53.58,12.964186942254
53.6,12.9649181319985
53.62,12.9656343931534
53.64,12.9663360305135
53.66,12.9670233426504
53.68,12.9676966220401
53.7,12.9683561551871
53.72,12.9690022227463
53.74,12.9696350996426
53.76,12.9702550551877
53.78,12.9708623531948
53.8,12.9714572520911
53.82,12.9720400050272
53.84,12.9726108599853
53.86,12.9731700598848
53.88,12.9737178426851
53.9,12.9742544414874
53.92,12.9747800846337
53.94,12.9752949958039
53.96,12.9757993941113
53.98,12.9762934941952
54,12.976777506313
54.02,12.9772516364291
54.04,12.9777160863028
54.06,12.9781710535742
54.08,12.9786167318482
54.1,12.9790533107767
54.12,12.9794809761397
54.14,12.9798999099242
54.16,12.9803102904014
54.18,12.9807122922029
54.2,12.9811060863949
54.22,12.9814918405508
54.24,12.9818697188229
54.26,12.9822398820119
54.28,12.9826024876354
54.3,12.9829576899952
54.32,12.9833056402425
54.34,12.9836464864426
54.36,12.9839803736377
54.38,12.9843074439089
54.4,12.9846278364361
54.42,12.9849416875579
54.44,12.9852491308292
54.46,12.9855502970781
54.48,12.9858453144615
54.5,12.9861343085199
54.52,12.9864174022307
54.54,12.9866947160603
54.56,12.9869663680157
54.58,12.9872324736945
54.6,12.9874931463341
54.62,12.9877484968603
54.64,12.9879986339336
54.66,12.9882436639964
54.68,12.9884836913177
54.7,12.9887188180378
54.72,12.9889491442114
54.74,12.9891747678507
54.76,12.9893957849664
54.78,12.9896122896094
54.8,12.9898243739101
54.82,12.9900321281179
54.84,12.9902356406397
54.86,12.9904349980773
54.88,12.9906302852645
54.9,12.990821585303
54.92,12.9910089795977
54.94,12.9911925478916
54.96,12.9913723682997
54.98,12.9915485173418
55,12.9917210699759
55.02,12.991890099629
55.04,12.9920556782295
55.06,12.9922178762369
55.08,12.9923767626723
55.1,12.9925324051476
55.12,12.9926848698941
55.14,12.9928342217912
55.16,12.9929805243933
55.18,12.9931238399575
55.2,12.9932642294696
55.22,12.9934017526705
55.24,12.9935364680811
55.26,12.9936684330277
55.28,12.993797703666
55.3,12.9939243350055
55.32,12.9940483809322
55.34,12.9941698942321
55.36,12.9942889266134
55.38,12.9944055287288
55.4,12.9945197501965
55.42,12.9946316396219
55.44,12.994741244618
55.46,12.9948486118256
55.48,12.9949537869332
55.5,12.9950568146967
55.52,12.995157738958
55.54,12.9952566026641
55.56,12.9953534478849
55.58,12.9954483158317
55.6,12.995541246874
55.62,12.9956322805573
55.64,12.9957214556199
55.66,12.9958088100087
55.68,12.9958943808963
55.7,12.9959782046961
55.72,12.9960603170782
55.74,12.9961407529843
55.76,12.9962195466427
55.78,12.996296731583
55.8,12.9963723406502
55.82,12.9964464060185
55.84,12.9965189592055
55.86,12.9965900310852
55.88,12.996659651901
55.9,12.9967278512793
55.92,12.9967946582413
55.94,12.9968601012157
55.96,12.9969242080509
55.98,12.9969870060266
56,12.9970485218656
56.02,12.997108781745
56.04,12.9971678113077
56.06,12.9972256356728
56.08,12.9972822794467
56.1,12.9973377667332
56.12,12.9973921211443
56.14,12.9974453658096
56.16,12.9974975233868
56.18,12.9975486160706
56.2,12.9975986656028
56.22,12.9976476932814
56.24,12.9976957199693
56.26,12.9977427661037
56.28,12.9977888517043
56.3,12.9978339963823
56.32,12.9978782193482
56.34,12.9979215394205
56.36,12.9979639750336
56.38,12.9980055442452
56.4,12.9980462647445
56.42,12.9980861538596
56.44,12.9981252285647
56.46,12.9981635054875
56.48,12.9982010009162
56.5,12.9982377308064
56.52,12.9982737107881
56.54,12.998308956172
56.56,12.9983434819562
56.58,12.9983773028328
56.6,12.9984104331937
56.62,12.998442887137
56.64,12.9984746784731
56.66,12.9985058207304
56.68,12.9985363271609
56.7,12.9985662107463
56.72,12.9985954842031
56.74,12.9986241599882
56.76,12.9986522503041
56.78,12.9986797671044
56.8,12.9987067220983
56.82,12.9987331267562
56.84,12.9987589923142
56.86,12.9987843297791
56.88,12.9988091499328
56.9,12.9988334633372
56.92,12.9988572803386
56.94,12.9988806110718
56.96,12.9989034654651
56.98,12.9989258532436
57,12.9989477839343
57.02,12.9989692668695
57.04,12.9989903111908
57.06,12.9990109258534
57.08,12.9990311196296
57.1,12.9990509011125
57.12,12.9990702787199
57.14,12.9990892606977
57.16,12.9991078551233
57.18,12.9991260699093
57.2,12.9991439128068
57.22,12.9991613914087
57.24,12.9991785131525
57.26,12.9991952853243
57.28,12.9992117150613
57.3,12.9992278093548
57.32,12.9992435750536
57.34,12.9992590188665
57.36,12.9992741473654
57.38,12.9992889669881
57.4,12.9993034840408
57.42,12.999317704701
57.44,12.9993316350202
57.46,12.9993452809262
57.48,12.9993586482258
57.5,12.9993717426073
57.52,12.9993845696428
57.54,12.9993971347906
57.56,12.9994094433978
57.58,12.9994215007019
57.6,12.999433311834
57.62,12.9994448818199
57.64,12.9994562155833
57.66,12.9994673179469
57.68,12.9994781936352
57.7,12.9994888472763
57.72,12.9994992834036
57.74,12.999509506458
57.76,12.99951952079
57.78,12.9995293306608
57.8,12.999538940245
57.82,12.9995483536318
57.84,12.9995575748269
57.86,12.9995666077543
57.88,12.9995754562577
57.9,12.9995841241026
57.92,12.9995926149775
57.94,12.9996009324954
57.96,12.9996090801959
57.98,12.999617061546
58,12.9996248799421
58.02,12.9996325387111
58.04,12.9996400411123
58.06,12.9996473903381
58.08,12.9996545895158
58.1,12.9996616417091
58.12,12.9996685499187
58.14,12.9996753170846
58.16,12.9996819460862
58.18,12.9996884397445
58.2,12.9996948008228
58.22,12.9997010320279
58.24,12.9997071360114
58.26,12.9997131153709
58.28,12.9997189726507
58.3,12.9997247103432
58.32,12.9997303308902
58.34,12.9997358366834
58.36,12.9997412300656
58.38,12.9997465133319
58.4,12.9997516887306
58.42,12.9997567584639
58.44,12.9997617246893
58.46,12.9997665895201
58.48,12.9997713550263
58.5,12.9997760232359
58.52,12.9997805961353
58.54,12.9997850756706
58.56,12.9997894637479
58.58,12.9997937622345
58.6,12.9997979729596
58.62,12.9998020977149
58.64,12.9998061382557
58.66,12.9998100963014
58.68,12.9998139735363
58.7,12.9998177716102
58.72,12.9998214921395
58.74,12.9998251367073
58.76,12.9998287068645
58.78,12.9998322041304
58.8,12.9998356299931
58.82,12.9998389859105
58.84,12.9998422733106
58.86,12.9998454935924
58.88,12.9998486481262
58.9,12.9998517382543
58.92,12.9998547652918
58.94,12.9998577305267
58.96,12.9998606352209
58.98,12.9998634806104
59,12.9998662679059
59.02,12.9998689982937
59.04,12.9998716729356
59.06,12.9998742929697
59.08,12.999876859511
59.1,12.9998793736516
59.12,12.9998818364614
59.14,12.9998842489884
59.16,12.9998866122592
59.18,12.9998889272794
59.2,12.9998911950342
59.22,12.9998934164886
59.24,12.9998955925879
59.26,12.9998977242582
59.28,12.9998998124064
59.3,12.9999018579212
59.32,12.9999038616731
59.34,12.9999058245147
59.36,12.9999077472812
59.38,12.9999096307909
59.4,12.9999114758453
59.42,12.9999132832295
59.44,12.9999150537126
59.46,12.999916788048
59.48,12.9999184869737
59.5,12.9999201512128
59.52,12.9999217814733
59.54,12.9999233784491
59.56,12.9999249428196
59.58,12.9999264752506
59.6,12.9999279763942
59.62,12.9999294468892
59.64,12.9999308873613
59.66,12.9999322984235
59.68,12.9999336806763
59.7,12.9999350347078
59.72,12.9999363610943
59.74,12.9999376604002
59.76,12.9999389331783
59.78,12.9999401799703
59.8,12.9999414013067
59.82,12.9999425977073
59.84,12.9999437696812
59.86,12.999944917727
59.88,12.9999460423334
59.9,12.9999471439789
59.92,12.9999482231322
59.94,12.9999492802526
59.96,12.99995031579
59.98,12.9999513301849
60,12.9999523238691
60.02,12.9999532972654
60.04,12.9990847380695
60.06,12.9965290052232
60.08,12.9939359224798
60.1,12.9917493174056
60.12,12.9852940572625
60.14,12.9850365401211
60.16,12.9838568541908
60.18,12.9830520014082
60.2,12.9812729595842
60.22,12.9791246046938
60.24,12.9744143667606
60.26,12.9716329600071
60.28,12.9673629492656
60.3,12.9645199442539
60.32,12.9620407952979
60.34,12.9598080295826
60.36,12.9572254001778
60.38,12.9574212823698
60.4,12.9582767743662
60.42,12.9562012039487
60.44,12.9516203291103
60.46,12.9487056489939
60.48,12.9472602902278
60.5,12.9408632603614
60.52,12.9393200322022
60.54,12.9352712223971
60.56,12.9289846178249
60.58,12.9251076784687
60.6,12.9265279861122
60.62,12.9244458041845
60.64,12.9225432746895
60.66,12.9199761765059
60.68,12.9156170892557
60.7,12.9141895989396
60.72,12.9114055716782
60.74,12.9119552144025
60.76,12.9083728955385
60.78,12.9076529931364
60.8,12.9041798587272
60.82,12.9044810660118
60.84,12.9044878180789
60.86,12.9041066477669
60.88,12.9027041328674
60.9,12.903712057889
60.92,12.9039508847789
60.94,12.901054827767
60.96,12.9003844784438
60.98,12.8959741070358
61,12.8924160367199
61.02,12.8923404076705
61.04,12.8941762311528
61.06,12.8921951032579
61.08,12.8893921903501
61.1,12.886669614914
61.12,12.8832581883995
61.14,12.8853278740688
61.16,12.8866582706671
61.18,12.8847840237335
61.2,12.8824336053684
61.22,12.8830491351324
61.24,12.8832306152955
61.26,12.879400291306
61.28,12.8765874323562
61.3,12.8763850964572
61.32,12.8735135336225
61.34,12.8746214096721
61.36,12.8729657955647
61.38,12.8708812363668
61.4,12.8720919700244
61.42,12.8694624910721
61.44,12.8689041412496
61.46,12.8660299201052
61.48,12.8669179407498
61.5,12.8627148325592
61.52,12.858987274716
61.54,12.8599389569158
61.56,12.8620368739943
61.58,12.8617453231914
61.6,12.8570462902694
61.62,12.8588187979206
61.64,12.8573125583244
61.66,12.8580766333214
61.68,12.854322575038
61.7,12.8514022876603
61.72,12.8515310266034
61.74,12.8481536239117
61.76,12.8511230033796
61.78,12.8496639026277
61.8,12.8495569904109
61.82,12.8522216701113
61.84,12.8498020463632
61.86,12.8465767574101
61.88,12.8464908018689
61.9,12.8486197233993
61.92,12.8500171499397
61.94,12.8486704491056
61.96,12.8487149773579
61.98,12.8473447519609
62,12.8436796023361
62.02,12.8420943044514
62.04,12.8416049833353
62.06,12.8364857351183
62.08,12.8363543203107
62.1,12.8322809934562
62.12,12.8299099305411
62.14,12.8332643106719
62.16,12.834228080254
62.18,12.8343410885794
62.2,12.8376565269744
62.22,12.8409697052028
62.24,12.83701094378
62.26,12.8400159257204
62.28,12.8399521733376
62.3,12.8397431169162
62.32,12.8368894469981
62.34,12.8396757813271
62.36,12.8382260213723
62.38,12.8388634245424
62.4,12.8385110584846
62.42,12.8413998106236
62.44,12.8415286216029
62.46,12.84177520707
62.48,12.8424112200546
62.5,12.8430140439612
62.52,12.8434239414573
62.54,12.8465636605781
62.56,12.8473993278299
62.58,12.8444481631824
62.6,12.846272808828
62.62,12.8420670795144
62.64,12.8418299789165
62.66,12.8418423732072
62.68,12.837561491767
62.7,12.840184621623
62.72,12.8416311639568
62.74,12.840857389946
62.76,12.8412214155248
62.78,12.8413191801409
62.8,12.8396311972138
62.82,12.8414249098034
62.84,12.8387209881723
62.86,12.8395223004556
62.88,12.8395397828556
62.9,12.840640687929
62.92,12.8413260870593
62.94,12.8439183125246
62.96,12.8399757339767
62.98,12.8408494044289
63,12.8389461113234
63.02,12.8397961425725
63.04,12.843017220346
63.06,12.846153246444
63.08,12.8459321785587
63.1,12.8462426774512
63.12,12.8475951876097
63.14,12.8473852728281
63.16,12.8447042487715
63.18,12.8448862249342
63.2,12.8474968449928
63.22,12.8505991204941
63.24,12.848797908902
63.26,12.8497547492092
63.28,12.8482180995922
63.3,12.8495017555633
63.32,12.850294580273
63.34,12.8503733265878
63.36,12.8531017671369
63.38,12.8560943006052
63.4,12.8571140323206
63.42,12.8596693973498
63.44,12.8609376104688
63.46,12.8579749051817
63.48,12.8573417382763
63.5,12.8548200008822
63.52,12.8551422864237
63.54,12.8549185369577
63.56,12.854631770335
63.58,12.8549996002686
63.6,12.8502048848607
63.62,12.84925276098
63.64,12.8503803442597
63.66,12.8487924828351
63.68,12.8515330579327
63.7,12.8524681078234
63.72,12.8496520078883
63.74,12.8526026457319
63.76,12.8555056705638
63.78,12.8557386676243
63.8,12.8570500019232
63.82,12.8546352431631
63.84,12.8566138021159
63.86,12.8538387129494
63.88,12.8550460287739
63.9,12.8522014991249
63.92,12.8530099454177
63.94,12.8535138289785
63.96,12.8539587300775
63.98,12.8568884534979
64,12.8555289709353
64.02,12.8546251880344
64.04,12.8564773302765
64.06,12.8574520874698
64.08,12.8545766529605
64.1,12.8537301625939
64.12,12.8543212343711
64.14,12.8565383337392
64.16,12.853530021103
64.18,12.8543504730614
64.2,12.8531814708117
64.22,12.8516750694582
64.24,12.852060973923
64.26,12.8508198510193
64.28,12.8477107073538
64.3,12.8498747758608
64.32,12.8463054797641
64.34,12.8430648911315
64.36,12.842788831173
64.38,12.8422145940421
64.4,12.8429769698705
64.42,12.8453017266445
64.44,12.8461427166601
64.46,12.8462914570668
64.48,12.8460467526812
64.5,12.8427252378098
64.52,12.8402759900685
64.54,12.8425592725145
64.56,12.8428202687458
64.58,12.8459690832955
64.6,12.8431487746405
64.62,12.8406147882309
64.64,12.8394736294766
64.66,12.8405617381483
64.68,12.8417791229244
64.7,12.8394974020055
64.72,12.8384968213124
64.74,12.8412969552346
64.76,12.8443201419995
64.78,12.8439937564829
64.8,12.8449798599824
64.82,12.8430546239619
64.84,12.8446572886878
64.86,12.8455283687307
64.88,12.8479891742043
64.9,12.8468137099967
64.92,12.8498539265127
64.94,12.8450532476904
64.96,12.847412994043
64.98,12.8444937372645
65,12.8437887825515
65.02,12.8440471050349
65.04,12.8441370291595
65.06,12.8427736406201
65.08,12.8399368568884
65.1,12.8426088801498
65.12,12.8385501756659
65.14,12.839843880607
65.16,12.8394823932124
65.18,12.8397845008296
65.2,12.8386981529714
65.22,12.8396943129223
65.24,12.8406513895724
65.26,12.8404786169549
65.28,12.8409592735606
65.3,12.8406949423302
65.32,12.8419704518248
65.34,12.8384502710416
65.36,12.8394978210797
65.38,12.8427288156589
65.4,12.840840710486
65.42,12.8428089424025
65.44,12.8459921281928
65.46,12.8490908075894
65.48,12.8456094885837
65.5,12.8485618256528
65.52,12.8457717984226
65.54,12.8430245485521
65.56,12.841614728881
65.58,12.8399059178478
65.6,12.8423740733456
65.62,12.842909413332
65.64,12.8450380857187
65.66,12.841594037304
65.68,12.8442000279164
65.7,12.8434283782647
65.72,12.8410085238096
65.74,12.840298665842
65.76,12.8409717351221
65.78,12.8438883067553
65.8,12.8459292380055
65.82,12.8435993485416
65.84,12.8418856749552
65.86,12.8450136879844
65.88,12.8423638185337
65.9,12.8377243326607
65.92,12.8372482921685
65.94,12.8364864413115
65.96,12.8372973320088
65.98,12.8395305603618
66,12.8399967251706
66.02,12.8414678625152
66.04,12.8422844844839
66.06,12.8395181442057
66.08,12.8426724545161
66.1,12.8442618272158
66.12,12.8412539435605
66.14,12.8443304452876
66.16,12.84702305643
66.18,12.8475168081211
66.2,12.843659721999
66.22,12.8445848100818
66.24,12.8450480474315
66.26,12.8460035952204
66.28,12.8460962065492
66.3,12.847502955621
66.32,12.8503820513988
66.34,12.8493316583139
66.36,12.8473988946372
66.38,12.8439060433725
66.4,12.8464102964859
66.42,12.8476566374676
66.44,12.8485920764478
66.46,12.8486170679275
66.48,12.8506850594036
66.5,12.8500068390319
66.52,12.8464641903638
66.54,12.847443799334
66.56,12.8485032873072
66.58,12.8482505491882
66.6,12.8471520372637
66.62,12.8499146722799
66.64,12.8472723251205
66.66,12.8497271661204
66.68,12.8482350648605
66.7,12.8476547523808
66.72,12.8471528350864
66.74,12.8475057852744
66.76,12.8472836699812
66.78,12.8485035003944
66.8,12.8515578269948
66.82,12.8514997122972
66.84,12.8544685557573
66.86,12.8544132107731
66.88,12.8515457220476
66.9,12.8482802619495
66.92,12.8429082764606
66.94,12.8418950302799
66.96,12.8420154895752
66.98,12.8427755677576
67,12.8445459423984
67.02,12.8448390838432
67.04,12.8428144830186
67.06,12.8441519711458
67.08,12.842825889859
67.1,12.8385569060481
67.12,12.8392942058069
67.14,12.8340307643609
67.16,12.8351145396401
67.18,12.8279623955329
67.2,12.8309093768978
67.22,12.83278407049
67.24,12.8309329908015
67.26,12.8298256672455
67.28,12.8332070074295
67.3,12.8270358822818
67.32,12.8273666551328
67.34,12.8282087883374
67.36,12.8267260684735
67.38,12.8231229054228
67.4,12.8224987732661
67.42,12.8213263347181
67.44,12.8222546621356
67.46,12.8216465172026
67.48,12.8210750674064
67.5,12.8224586908618
67.52,12.8255717173541
67.54,12.8271122168852
67.56,12.8276219078827
67.58,12.8308964647074
67.6,12.8280852693546
67.62,12.8287762478569
67.64,12.8313845604457
67.66,12.8311864716444
67.68,12.831992124921
67.7,12.8275117009068
67.72,12.8304305786529
67.74,12.8338803446348
67.76,12.8362341157501
67.78,12.8348093809061
67.8,12.8348577091297
67.82,12.8318042110528
67.84,12.8313061973178
67.86,12.8334830433346
67.88,12.8368569193882
67.9,12.8395999035162
67.92,12.8428627651285
67.94,12.8398474666272
67.96,12.8369098171141
67.98,12.8353349390977
68,12.8368743694146
68.02,12.8393115104713
68.04,12.842574023083
68.06,12.8449955658296
68.08,12.8458461578945
68.1,12.8475764367203
68.12,12.8479868447486
68.14,12.8494954222765
68.16,12.8518824917722
68.18,12.8471410177684
68.2,12.8439662151182
68.22,12.840552089547
68.24,12.8387549115267
68.26,12.8389009765647
68.28,12.8403145282474
68.3,12.8404874524015
68.32,12.8414229458813
68.34,12.8419872181875
68.36,12.8434153329809
68.38,12.8424116017812
68.4,12.8418412228225
68.42,12.844335939165
68.44,12.8432010153348
68.46,12.8418830136007
68.48,12.8410766200799
68.5,12.8411750637088
68.52,12.8443535313072
68.54,12.8445388239128
68.56,12.8426582917275
68.58,12.8415592771956
68.6,12.8430664160476
68.62,12.8438722475849
68.64,12.843934116987
68.66,12.8457178483066
68.68,12.8485990560443
68.7,12.8490253437924
68.72,12.8507334621382
68.74,12.8489682252666
68.76,12.8441597101316
68.78,12.8461755760577
68.8,12.8452789777203
68.82,12.8451254821077
68.84,12.8444962871049
68.86,12.8442941152143
68.88,12.8438817494157
68.9,12.8414661701996
68.92,12.8419291625314
68.94,12.843416776
68.96,12.8459537855746
68.98,12.8476893217445
69,12.8466158357996
69.02,12.8496620493647
69.04,12.8492749306201
69.06,12.8444957711787
69.08,12.8416329923827
69.1,12.84295715986
69.12,12.8387676545566
69.14,12.8382397014029
69.16,12.8396324355573
69.18,12.8428676415292
69.2,12.8387977104738
69.22,12.8362064579701
69.24,12.8351248455327
69.26,12.8320048554778
69.28,12.8332825226051
69.3,12.831804179519
69.32,12.8338498850918
69.34,12.8349270605244
69.36,12.8376977748629
69.38,12.8394986145236
69.4,12.8371930201387
69.42,12.8375535607146
69.44,12.8391152126255
69.46,12.8382550384439
69.48,12.838130666026
69.5,12.8314171623932
69.52,12.8314897214154
69.54,12.8326073744787
69.56,12.8339717049234
69.58,12.833542666596
69.6,12.8323336882293
69.62,12.8310963704435
69.64,12.829271932361
69.66,12.8295219375612
69.68,12.832936498914
69.7,12.8314300929042
69.72,12.8323333537224
69.74,12.8317812316846
69.76,12.831929643729
69.78,12.8295407530087
69.8,12.8329021601342
69.82,12.8358755566022
69.84,12.8364687783989
69.86,12.8384176024132
69.88,12.8397068643558
69.9,12.8382358502021
69.92,12.8383820880304
69.94,12.836872508765
69.96,12.8393392549702
69.98,12.8407262360006
70,12.8408224151003
70.02,12.8411573981541
70.04,12.8443409498521
70.06,12.847517801889
70.08,12.850630982892
70.1,12.8536806268542
70.12,12.8566680071964
70.14,12.8595943946593
70.16,12.8624610345154
70.18,12.8652691466222
70.2,12.8680199259319
70.22,12.8707145429994
70.24,12.8733541444808
70.26,12.8759398536208
70.28,12.8784727707312
70.3,12.8809539736588
70.32,12.8833845182441
70.34,12.885765438771
70.36,12.8880977484061
70.38,12.8903824396307
70.4,12.8926204846625
70.42,12.8948128358699
70.44,12.8969604261767
70.46,12.8990641694593
70.48,12.9011249609357
70.5,12.9031436775466
70.52,12.9051211783278
70.54,12.9070583047769
70.56,12.9089558812104
70.58,12.9108147151148
70.6,12.9126355974906
70.62,12.9144193031883
70.64,12.9161665912385
70.66,12.9178782051747
70.68,12.91955487335
70.7,12.9211973092465
70.72,12.9228062117795
70.74,12.9243822655945
70.76,12.925926141359
70.78,12.9274384960471
70.8,12.9289199732199
70.82,12.930371203299
70.84,12.9317928038346
70.86,12.9331853797686
70.88,12.9345495236919
70.9,12.9358858160965
70.92,12.9371948256227
70.94,12.9384771093007
70.96,12.9397332127883
70.98,12.9409636706023
71,12.9421690063465
71.02,12.9433497329345
71.04,12.9445063528075
71.06,12.9456393581488
71.08,12.9467492310927
71.1,12.9478364439297
71.12,12.9489014593079
71.14,12.9499447304293
71.16,12.9509667012431
71.18,12.9519678066345
71.2,12.9529484726097
71.22,12.953909116477
71.24,12.9548501470248
71.26,12.9557719646952
71.28,12.9566749617547
71.3,12.9575595224608
71.32,12.9584260232257
71.34,12.9592748327765
71.36,12.960106312312
71.38,12.9609208156565
71.4,12.9617186894102
71.42,12.9625002730971
71.44,12.9632658993089
71.46,12.964015893847
71.48,12.9647505758608
71.5,12.9654702579838
71.52,12.9661752464666
71.54,12.966865841307
71.56,12.9675423363776
71.58,12.9682050195515
71.6,12.9688541728239
71.62,12.9694900724329
71.64,12.9701129889764
71.66,12.9707231875278
71.68,12.9713209277482
71.7,12.9719064639977
71.72,12.9724800454427
71.74,12.9730419161628
71.76,12.9735923152539
71.78,12.9741314769307
71.8,12.9746596306256
71.82,12.975177001087
71.84,12.9756838084745
71.86,12.9761802684527
71.88,12.9766665922832
71.9,12.9771429869142
71.92,12.9776096550685
71.94,12.9780667953302
71.96,12.9785146022288
71.98,12.9789532663222
72,12.9793829742777
72.02,12.9798039089512
72.04,12.9802162494657
72.06,12.9806201712866
72.08,12.9810158462973
72.1,12.9814034428716
72.12,12.9817831259456
72.14,12.9821550570882
72.16,12.9825193945693
72.18,12.9828762934275
72.2,12.9832259055361
72.22,12.9835683796676
72.24,12.9839038615569
72.26,12.9842324939635
72.28,12.9845544167324
72.3,12.9848697668531
72.32,12.9851786785185
72.34,12.9854812831814
72.36,12.985777709611
72.38,12.9860680839474
72.4,12.9863525297552
72.42,12.9866311680762
72.44,12.9869041174811
72.46,12.9871714941196
72.48,12.98743341177
72.5,12.9876899818876
72.52,12.9879413136522
72.54,12.9881875140144
72.56,12.9884286877414
72.58,12.9886649374611
72.6,12.9888963637063
72.62,12.9891230649571
72.64,12.9893451376829
72.66,12.9895626763838
72.68,12.9897757736301
72.7,12.9899845201025
72.72,12.9901890046299
72.74,12.9903893142278
72.76,12.9905855341352
72.78,12.9907777478506
72.8,12.9909660371679
72.82,12.9911504822109
72.84,12.9913311614676
72.86,12.9915081518234
72.88,12.991681528594
72.9,12.9918513655575
72.92,12.9920177349857
72.94,12.9921807076745
72.96,12.9923403529748
72.98,12.9924967388213
73,12.9926499317618
73.02,12.9927999969854
73.04,12.9929469983501
73.06,12.9930909984104
73.08,12.9932320584434
73.1,12.9933702384752
73.12,12.9935055973064
73.14,12.9936381925369
73.16,12.9937680805907
73.18,12.99389531674
73.2,12.9940199551282
73.22,12.9941420487934
73.24,12.9942616496908
73.26,12.9943788087149
73.28,12.9944935757211
73.3,12.9946059995468
73.32,12.9947161280324
73.34,12.9948240080415
73.36,12.9949296854808
73.38,12.99503320532
73.4,12.9951346116104
73.42,12.995233947504
73.44,12.9953312552718
73.46,12.9954265763217
73.48,12.9955199512162
73.5,12.9956114196898
73.52,12.9957010206655
73.54,12.9957887922717
73.56,12.9958747718584
73.58,12.9959589960129
73.6,12.9960415005758
73.62,12.9961223206555
73.64,12.996201490644
73.66,12.9962790442309
73.68,12.996355014418
73.7,12.9964294335334
73.72,12.996502333245
73.74,12.9965737445744
73.76,12.9966436979095
73.78,12.996712223018
73.8,12.9967793490598
73.82,12.9968451045994
73.84,12.9969095176182
73.86,12.9969726155262
73.88,12.9970344251739
73.9,12.9970949728633
73.92,12.9971542843599
73.94,12.9972123849026
73.96,12.9972692992154
73.98,12.9973250515173
74,12.997379665533
74.02,12.9974331645027
74.04,12.997485571192
74.06,12.997536907902
74.08,12.9975871964781
74.1,12.9976364583201
74.12,12.9976847143905
74.14,12.9977319852241
74.16,12.9977782909363
74.18,12.9978236512318
74.2,12.9978680854131
74.22,12.9979116123885
74.24,12.9979542506802
74.26,12.9979960184324
74.28,12.9980369334188
74.3,12.9980770130502
74.32,12.9981162743818
74.34,12.9981547341208
74.36,12.9981924086332
74.38,12.9982293139508
74.4,12.9982654657781
74.42,12.9983008794991
74.44,12.9983355701835
74.46,12.9983695525935
74.48,12.9984028411899
74.5,12.998435450138
74.52,12.9984673933142
74.54,12.9984986843114
74.56,12.9985293364452
74.58,12.9985593627589
74.6,12.99858877603
74.62,12.9986175887748
74.64,12.9986458132542
74.66,12.9986734614787
74.68,12.9987005452137
74.7,12.9987270759841
74.72,12.9987530650798
74.74,12.9987785235601
74.76,12.9988034622585
74.78,12.9988278917873
74.8,12.9988518225422
74.82,12.9988752647064
74.84,12.9988982282556
74.86,12.9989207229614
74.88,12.9989427583963
74.9,12.9989643439371
74.92,12.9989854887692
74.94,12.9990062018904
74.96,12.9990264921151
74.98,12.9990463680772
75,12.9990658382349
75.02,12.9990849108734
75.04,12.9991035941087
75.06,12.9991218958912
75.08,12.9991398240091
75.1,12.9991573860912
75.12,12.9991745896111
75.14,12.9991914418892
75.16,12.999207950097
75.18,12.9992241212592
75.2,12.9992399622573
75.22,12.9992554798321
75.24,12.9992706805869
75.26,12.9992855709903
75.28,12.9993001573786
75.3,12.9993144459588
75.32,12.9993284428112
75.34,12.999342153892
75.36,12.9993555850358
75.38,12.999368741958
75.4,12.9993816302572
75.42,12.9993942554181
75.44,12.9994066228129
75.46,12.9994187377046
75.48,12.9994306052483
75.5,12.9994422304942
75.52,12.9994536183893
75.54,12.9994647737794
75.56,12.9994757014116
75.58,12.999486405936
75.6,12.9994968919078
75.62,12.9995071637891
75.64,12.9995172259509
75.66,12.9995270826751
75.68,12.9995367381561
75.7,12.9995461965026
75.72,12.9995554617395
75.74,12.9995645378094
75.76,12.9995734285746
75.78,12.9995821378184
75.8,12.9995906692469
75.82,12.9995990264906
75.84,12.9996072131056
75.86,12.9996152325758
75.88,12.9996230883137
75.9,12.9996307836622
75.92,12.9996383218959
75.94,12.9996457062227
75.96,12.9996529397848
75.98,12.9996600256603
76,12.9996669668646
76.02,12.9996737663514
76.04,12.9996804270141
76.06,12.9996869516871
76.08,12.9996933431468
76.1,12.9996996041131
76.12,12.9997057372501
76.14,12.9997117451679
76.16,12.9997176304229
76.18,12.9997233955195
76.2,12.999729042911
76.22,12.9997345750007
76.24,12.9997399941424
76.26,12.9997453026424
76.28,12.9997505027596
76.3,12.9997555967067
76.32,12.9997605866515
76.34,12.9997654747174
76.36,12.9997702629844
76.38,12.99977495349
76.4,12.9997795482303
76.42,12.9997840491605
76.44,12.9997884581959
76.46,12.9997927772127
76.48,12.9997970080488
76.5,12.9998011525045
76.52,12.9998052123436
76.54,12.9998091892935
76.56,12.9998130850466
76.58,12.9998169012607
76.6,12.9998206395598
76.62,12.9998243015346
76.64,12.9998278887434
76.66,12.9998314027127
76.68,12.9998348449378
76.7,12.9998382168836
76.72,12.9998415199848
76.74,12.9998447556472
76.76,12.9998479252475
76.78,12.9998510301345
76.8,12.9998540716296
76.82,12.9998570510269
76.84,12.9998599695943
76.86,12.9998628285738
76.88,12.9998656291819
76.9,12.9998683726104
76.92,12.9998710600268
76.94,12.9998736925745
76.96,12.999876271374
76.98,12.9998787975225
77,12.999881272095
77.02,12.9998836961446
77.04,12.9998860707027
77.06,12.9998883967798
77.08,12.9998906753657
77.1,12.9998929074301
77.12,12.9998950939228
77.14,12.9998972357742
77.16,12.9998993338958
77.18,12.9999013891803
77.2,12.9999034025024
77.22,12.9999053747188
77.24,12.9999073066687
77.26,12.9999091991743
77.28,12.999911053041
77.3,12.9999128690575
77.32,12.9999146479967
77.34,12.9999163906155
77.36,12.9999180976556
77.38,12.9999197698433
77.4,12.9999214078902
77.42,12.9999230124933
77.44,12.9999245843355
77.46,12.9999261240856
77.48,12.9999276323989
77.5,12.9999291099172
77.52,12.9999305572692
77.54,12.9999319750709
77.56,12.9999333639255
77.58,12.9999347244241
77.6,12.9999360571456
77.62,12.9999373626571
77.64,12.9999386415142
77.66,12.999939894261
77.68,12.9999411214307
77.7,12.9999423235455
77.72,12.9999435011169
77.74,12.999944654646
77.76,12.9999457846237
77.78,12.9999468915307
77.8,12.9999479758383
77.82,12.9999490380077
77.84,12.9999500784909
77.86,12.9999510977307
77.88,12.9999520961609
77.9,12.9999530742063
77.92,12.9999540322831
77.94,12.999954970799
77.96,12.9999558901533
77.98,12.9999567907373
78,12.9999576729342
78.02,12.9999585371195
78.04,12.9999593836608
78.06,12.9999602129184
78.08,12.9999610252452
78.1,12.9999618209868
78.12,12.9999626004819
78.14,12.9999633640622
78.16,12.9999641120526
78.18,12.9999648447713
78.2,12.9999655625303
78.22,12.9999662656348
78.24,12.9999669543842
78.26,12.9999676290715
78.28,12.9999682899838
78.3,12.9999689374024
78.32,12.9999695716027
78.34,12.9999701928547
78.36,12.9999708014226
78.38,12.9999713975655
78.4,12.9999719815371
78.42,12.9999725535858
78.44,12.999973113955
78.46,12.9999736628833
78.48,12.9999742006042
78.5,12.9999747273466
78.52,12.9999752433345
78.54,12.9999757487875
78.56,12.9999762439208
78.58,12.9999767289451
78.6,12.9999772040667
78.62,12.9999776694878
78.64,12.9999781254064
78.66,12.9999785720167
78.68,12.9999790095086
78.7,12.9999794380682
78.72,12.999979857878
78.74,12.9999802691167
78.76,12.9999806719591
78.78,12.9999810665768
78.8,12.9999814531376
78.82,12.9999818318061
78.84,12.9999822027433
78.86,12.9999825661072
78.88,12.9999829220523
78.9,12.9999832707302
78.92,12.9999836122892
78.94,12.9999839468745
78.96,12.9999842746288
78.98,12.9999845956913
79,12.9999849101987
79.02,12.9999852182849
79.04,12.9999855200809
79.06,12.9999858157152
79.08,12.9999861053136
79.1,12.9999863889993
79.12,12.999986666893
79.14,12.999986939113
79.16,12.9999872057752
79.18,12.9999874669929
79.2,12.9999877228774
79.22,12.9999879735375
79.24,12.99998821908
79.26,12.9999884596092
79.28,12.9999886952276
79.3,12.9999889260354
79.32,12.9999891521309
79.34,12.9999893736102
79.36,12.9999895905676
79.38,12.9999898030954
79.4,12.999990011284
79.42,12.9999902152221
79.44,12.9999904149964
79.46,12.999990610692
79.48,12.9999908023921
79.5,12.9999909901782
79.52,12.9999911741304
79.54,12.9999913543268
79.56,12.9999915308442
79.58,12.9999917037577
79.6,12.9999918731408
79.62,12.9999920390656
79.64,12.9999922016028
79.66,12.9999923608215
79.68,12.9999925167894
79.7,12.999992669573
79.72,12.9999928192372
79.74,12.9999929658458
79.76,12.999993109461
79.78,12.9999932501441
79.8,12.9999933879549
79.82,12.999993522952
79.84,12.9999936551929
79.86,12.9999937847339
79.88,12.99999391163
79.9,12.9999940359353
79.92,12.9999941577027
79.94,12.999994276984
79.96,12.99999439383
79.98,12.9999945082903
80,12.9999946204137
