Time,Speed,Label
0.020005001,3e-05,0
0.040010003,0.120060015,0
0.060015004,0.240090023,0
0.080020005,0.36012003,0
0.100025006,0.480150038,0
0.120030008,0.600180045,0
0.140035009,0.720210053,0
0.16004001,0.84024006,0
0.180045011,0.960270068,0
0.200050013,1.080300075,0
0.220055014,1.200330083,0
0.240060015,1.32036009,0
0.260065016,1.440390098,0
0.280070018,1.560420105,0
0.300075019,1.680450113,0
0.32008002,1.80048012,0
0.340085021,1.920510128,0
0.360090023,2.040540135,0
0.380095024,2.160570143,0
0.400100025,2.28060015,0
0.420105026,2.400630158,0
0.440110028,2.520660165,0
0.460115029,2.640690173,0
0.48012003,2.76072018,0
0.500125031,2.880750188,0
0.520130033,3.000780195,0
0.540135034,3.120810203,0
0.560140035,3.240700175,0
0.580145036,3.340725181,0
0.600150038,3.440750188,0
0.620155039,3.540775194,0
0.64016004,3.6408002,0
0.660165041,3.740825206,0
0.680170043,3.840850213,0
0.700175044,3.940875219,0
0.720180045,4.040900225,0
0.740185046,4.140925231,0
0.760190048,4.240950238,0
0.780195049,4.340975244,0
0.80020005,4.44100025,0
0.820205051,4.541025256,0
0.840210053,4.641050263,0
0.860215054,4.741075269,0
0.880220055,4.841100275,0
0.900225056,4.941125281,0
0.920230058,5.041150288,0
0.940235059,5.141165891,0
0.96024006,5.240366692,0
0.980245061,5.337566688,0
1.000250063,5.432782192,0
1.020255064,5.526053229,0
1.040260065,5.6174195,0
1.060265066,5.706919903,0
1.080270068,5.794592542,0
1.100275069,5.880474743,0
1.12028007,5.964603071,0
1.140285071,6.047013344,0
1.160290073,6.127695935,0
1.180295074,6.203714939,0
1.200300075,6.279733166,0
1.220305076,6.355677099,0
1.240310078,6.430100287,0
1.260315079,6.503004233,0
1.28032008,6.574419357,0
1.300325081,6.644376053,0
1.320330083,6.712904104,0
1.340335084,6.780032685,0
1.360340085,6.845790377,0
1.380345086,6.910205175,0
1.400350088,6.973304503,0
1.420355089,7.035115227,0
1.44036009,7.095663661,0
1.460365091,7.154975584,0
1.480370093,7.213076249,0
1.500375094,7.26999039,0
1.520380095,7.325742239,0
1.540385096,7.380355532,0
1.560390098,7.433853521,0
1.580395099,7.486258981,0
1.6004001,7.537594226,0
1.620405101,7.587881109,0
1.640410103,7.637141042,0
1.660415104,7.685394996,0
1.680420105,7.732663514,0
1.700425106,7.778966722,0
1.720430108,7.824324333,0
1.740435109,7.868755658,0
1.76044011,7.912279612,0
1.780445111,7.954914727,0
1.800450113,7.996679155,0
1.820455114,8.037590675,0
1.840460115,8.077666706,0
1.860465116,8.116924311,0
1.880470118,8.155380202,0
1.900475119,8.193050754,0
1.92048012,8.229952003,0
1.940485121,8.26609966,0
1.960490123,8.301509115,0
1.980495124,8.336195443,0
2.000500125,8.370173413,0
2.020505126,8.403457489,0
2.040510128,8.436061843,0
2.060515129,8.468000356,0
2.08052013,8.499286625,0
2.100525131,8.529933971,0
2.120530133,8.559955442,0
2.140535134,8.589363818,0
2.160540135,8.618171621,0
2.180545136,8.646391115,0
2.200550138,8.674034315,0
2.220555139,8.701112989,0
2.24056014,8.727638667,0
2.260565141,8.753622642,0
2.280570143,8.779075976,0
2.300575144,8.804009505,0
2.320580145,8.828433846,0
2.340585146,8.852359396,0
2.360590148,8.875796343,0
2.380595149,8.898754663,0
2.40060015,8.921244133,0
2.420605151,8.943274325,0
2.440610153,8.964854621,0
2.460615154,8.985994206,0
2.480620155,9.006702083,0
2.500625156,9.026987066,0
2.520630158,9.046857792,0
2.540635159,9.066322721,0
2.56064016,9.085390141,0
2.580645161,9.104068168,0
2.600650163,9.122364756,0
2.620655164,9.140287693,0
2.640660165,9.157844611,0
2.660665166,9.175042984,0
2.680670168,9.191890134,0
2.700675169,9.208393234,0
2.72068017,9.224559311,0
2.740685171,9.240395246,0
2.760690173,9.255907782,0
2.780695174,9.271103524,0
2.800700175,9.28598894,0
2.820705176,9.300570369,0
2.840710178,9.314854017,0
2.860715179,9.328845968,0
2.88072018,9.342552176,0
2.900725181,9.355978479,0
2.920730183,9.369130591,0
2.940735184,9.382014114,0
2.960740185,9.39463453,0
2.980745186,9.406997215,0
3.000750188,9.41910743,0
3.020755189,9.430970333,0
3.04076019,9.442590973,0
3.060765191,9.453974298,0
3.080770193,9.465125155,0
3.100775194,9.47604829,0
3.120780195,9.486748355,0
3.140785196,9.497229904,0
3.160790198,9.507497401,0
3.180795199,9.517555217,0
3.2008002,9.527407633,0
3.220805201,9.537058845,0
3.240810203,9.546512961,0
3.260815204,9.555774007,0
3.280820205,9.564845925,0
3.300825206,9.573732578,0
3.320830208,9.582437748,0
3.340835209,9.590965143,0
3.36084021,9.599318393,0
3.380845211,9.607501054,0
3.400850213,9.61551661,0
3.420855214,9.623368473,0
3.440860215,9.631059987,0
3.460865216,9.638594426,0
3.480870218,9.645974998,0
3.500875219,9.653204844,0
3.52088022,9.660287044,0
3.540885221,9.667224612,0
3.560890223,9.674020502,0
3.580895224,9.680677608,0
3.600900225,9.687198763,0
3.620905226,9.693586744,0
3.640910228,9.699844271,0
3.660915229,9.705974007,0
3.68092023,9.711978563,0
3.700925231,9.717860494,0
3.720930233,9.723622306,0
3.740935234,9.729266451,0
3.760940235,9.734795332,0
3.780945236,9.740211303,0
3.800950238,9.74551667,0
3.820955239,9.750713691,0
3.84096024,9.75580458,0
3.860965241,9.760791503,0
3.880970243,9.765676584,0
3.900975244,9.770461902,0
3.920980245,9.775149496,0
3.940985246,9.77974136,0
3.960990248,9.78423945,0
3.980995249,9.78864568,0
4.00100025,9.792961927,0
4.021005251,9.797190029,0
4.041010253,9.801331784,0
4.061015254,9.805388957,0
4.081020255,9.809363276,0
4.101025256,9.813256431,0
4.121030258,9.817070081,0
4.141035259,9.820805849,0
4.16104026,9.824465326,0
4.181045261,9.82805007,0
4.201050263,9.831561606,0
4.221055264,9.83500143,0
4.241060265,9.838371007,0
4.261065266,9.841671771,0
4.281070268,9.844905127,0
4.301075269,9.848072452,0
4.32108027,9.851175094,0
4.341085271,9.854214375,0
4.361090273,9.857191587,0
4.381095274,9.860108,0
4.401100275,9.862964854,0
4.421105276,9.865763366,0
4.441110278,9.868504727,0
4.461115279,9.871190104,0
4.48112028,9.873820641,0
4.501125281,9.876397458,0
4.521130283,9.878921651,0
4.541135284,9.881394295,0
4.561140285,9.883816444,0
4.581145286,9.886189128,0
4.601150288,9.888513357,0
4.621155289,9.890790121,0
4.64116029,9.893020389,0
4.661165291,9.895205111,0
4.681170293,9.897345217,0
4.701175294,9.899441618,0
4.721180295,9.901495207,0
4.741185296,9.903506858,0
4.761190298,9.905477426,0
4.781195299,9.907407753,0
4.8012003,9.909298658,0
4.821205301,9.911150948,0
4.841210303,9.91296541,0
4.861215304,9.914742818,0
4.881220305,9.916483928,0
4.901225306,9.918189481,0
4.921230308,9.919860204,0
4.941235309,9.921496807,0
4.96124031,9.923099988,0
4.981245311,9.924670429,0
5.001250313,9.926208798,0
5.021255314,9.927715752,0
5.041260315,9.92919193,0
5.061265316,9.930637962,0
5.081270318,9.932054464,0
5.101275319,9.933442038,0
5.12128032,9.934801275,0
5.141285321,9.936132754,0
5.161290323,9.937437041,0
5.181295324,9.938714693,0
5.201300325,9.939966253,0
5.221305326,9.941192253,0
5.241310328,9.942393217,0
5.261315329,9.943569654,0
5.28132033,9.944722066,0
5.301325331,9.945850944,0
5.321330333,9.946956769,0
5.341335334,9.94804001,0
5.361340335,9.949101129,0
5.381345336,9.950140579,0
5.401350338,9.9511588,0
5.421355339,9.952156228,0
5.44136034,9.953133287,0
5.461365341,9.954090392,0
5.481370343,9.955027952,0
5.501375344,9.955946364,0
5.521380345,9.956846021,0
5.541385346,9.957727306,0
5.561390348,9.958590593,0
5.581395349,9.95943625,0
5.60140035,9.960264637,0
5.621405351,9.961076106,0
5.641410353,9.961871005,0
5.661415354,9.962649669,0
5.681420355,9.963412433,0
5.701425356,9.964159619,0
5.721430358,9.964891546,0
5.741435359,9.965608526,0
5.76144036,9.966310863,0
5.781445361,9.966998858,0
5.801450363,9.967672803,0
5.821455364,9.968332984,0
5.841460365,9.968979683,0
5.861465366,9.969613176,0
5.881470368,9.970233731,0
5.901475369,9.970841613,0
5.92148037,9.971437082,0
5.941485371,9.97202039,0
5.961490373,9.972591785,0
5.981495374,9.973151512,0
6.001500375,9.973699808,0
6.021505376,9.974236907,0
6.041510378,9.974763037,0
6.061515379,9.975278422,0
6.08152038,9.975783283,0
6.101525381,9.976277833,0
6.121530383,9.976762284,0
6.141535384,9.977236841,0
6.161540385,9.977701707,0
6.181545386,9.97815708,0
6.201550388,9.978603153,0
6.221555389,9.979040116,0
6.24156039,9.979468156,0
6.261565391,9.979887454,0
6.281570393,9.98029819,0
6.301575394,9.980700537,0
6.321580395,9.981094668,0
6.341585396,9.98148075,0
6.361590398,9.981858948,0
6.381595399,9.982229422,0
6.4016004,9.98259233,0
6.421605401,9.982947827,0
6.441610403,9.983296064,0
6.461615404,9.983637189,0
6.481620405,9.983971348,0
6.501625406,9.984298683,0
6.521630408,9.984619333,0
6.541635409,9.984933435,0
6.56164041,9.985241122,0
6.581645411,9.985542526,0
6.601650413,9.985837774,0
6.621655414,9.986126993,0
6.641660415,9.986410306,0
6.661665416,9.986687833,0
6.681670418,9.986959692,0
6.701675419,9.987225999,0
6.72168042,9.987486868,0
6.741685421,9.987742409,0
6.761690423,9.987992732,0
6.781695424,9.988237943,0
6.801700425,9.988478146,0
6.821705426,9.988713444,0
6.841710428,9.988943936,0
6.861715429,9.989169721,0
6.88172043,9.989390896,0
6.901725431,9.989607553,0
6.921730433,9.989819786,0
6.941735434,9.990027685,0
6.961740435,9.990231339,0
6.981745436,9.990430833,0
7.001750438,9.990626253,0
7.021755439,9.990817682,0
7.04176044,9.991005202,0
7.061765441,9.991188893,0
7.081770443,9.991368832,0
7.101775444,9.991545096,0
7.121780445,9.991717761,0
7.141785446,9.9918869,0
7.161790448,9.992052585,0
7.181795449,9.992214886,0
7.20180045,9.992373872,0
7.221805451,9.992529612,0
7.241810453,9.992682171,0
7.261815454,9.992831615,0
7.281820455,9.992978006,0
7.301825456,9.993121409,0
7.321830458,9.993261882,0
7.341835459,9.993399487,0
7.36184046,9.993534282,0
7.381845461,9.993666324,0
7.401850463,9.993795669,0
7.421855464,9.993922373,0
7.441860465,9.99404649,0
7.461865466,9.994168071,0
7.481870468,9.99428717,0
7.501875469,9.994403837,0
7.52188047,9.994518121,0
7.541885471,9.994630071,0
7.561890473,9.994739735,0
7.581895474,9.994847159,0
7.601900475,9.99495239,0
7.621905476,9.995055471,0
7.641910478,9.995156448,0
7.661915479,9.995255362,0
7.68192048,9.995352257,0
7.701925481,9.995447172,0
7.721930483,9.995540149,0
7.741935484,9.995631228,0
7.761940485,9.995720446,0
7.781945486,9.995807843,0
7.801950488,9.995893454,0
7.821955489,9.995977318,0
7.84196049,9.996059468,0
7.861965491,9.996139941,0
7.881970493,9.996218771,0
7.901975494,9.996295991,0
7.921980495,9.996371633,0
7.941985496,9.996445731,0
7.961990498,9.996518316,0
7.981995499,9.996589419,0
8.0020005,9.996659069,0
8.022005501,9.996727297,0
8.042010503,9.996794132,0
8.062015504,9.996859601,0
8.082020505,9.996923734,0
8.102025506,9.996986557,0
8.122030508,9.997048097,0
8.142035509,9.997108381,0
8.16204051,9.997167433,0
8.182045511,9.997225279,0
8.202050513,9.997281944,0
8.222055514,9.997337452,0
8.242060515,9.997391826,0
8.262065516,9.99744509,0
8.282070518,9.997497266,0
8.302075519,9.997548376,0
8.32208052,9.997598443,0
8.342085521,9.997647487,0
8.362090523,9.99769553,0
8.382095524,9.997742592,0
8.402100525,9.997788692,0
8.422105526,9.997833851,0
8.442110528,9.997878088,0
8.462115529,9.997921421,0
8.48212053,9.99796387,0
8.502125531,9.998005451,0
8.522130533,9.998046184,0
8.542135534,9.998086084,0
8.562140535,9.99812517,0
8.582145536,9.998163458,0
8.602150538,9.998200963,0
8.622155539,9.998237703,0
8.64216054,9.998273692,0
8.662165541,9.998308947,0
8.682170543,9.998343481,0
8.702175544,9.99837731,0
8.722180545,9.998410449,0
8.742185546,9.99844291,0
8.762190548,9.998474709,0
8.782195549,9.998505858,0
8.80220055,9.998536371,0
8.822205551,9.998566261,0
8.842210553,9.998595541,0
8.862215554,9.998624223,0
8.882220555,9.998652319,0
8.902225556,9.998679841,0
8.922230558,9.998706801,0
8.942235559,9.99873321,0
8.96224056,9.998759081,0
8.982245561,9.998784422,0
9.002250563,9.998809247,0
9.022255564,9.998833564,0
9.042260565,9.998857385,0
9.062265566,9.998880719,0
9.082270568,9.998903577,0
9.102275569,9.998925968,0
9.12228057,9.998947902,0
9.142285571,9.998969388,0
9.162290573,9.998990435,0
9.182295574,9.999011052,0
9.202300575,9.999031248,0
9.222305576,9.999051032,0
9.242310578,9.999070411,0
9.262315579,9.999089395,0
9.28232058,9.999107992,0
9.302325581,9.999126208,0
9.322330583,9.999144053,0
9.342335584,9.999161533,0
9.362340585,9.999178656,0
9.382345586,9.999195429,0
9.402350588,9.99921186,0
9.422355589,9.999227955,0
9.44236059,9.999243722,0
9.462365591,9.999259166,0
9.482370593,9.999274296,0
9.502375594,9.999289116,0
9.522380595,9.999303633,0
9.542385596,9.999317854,0
9.562390598,9.999331785,0
9.582395599,9.999345431,0
9.6024006,9.999358799,0
9.622405601,9.999371893,0
9.642410603,9.99938472,0
9.662415604,9.999397286,0
9.682420605,9.999409594,0
9.702425606,9.999421651,0
9.722430608,9.999433462,0
9.742435609,9.999445032,0
9.76244061,9.999456366,0
9.782445611,9.999467468,0
9.802450613,9.999478343,0
9.822455614,9.999488996,0
9.842460615,9.999499432,0
9.862465616,9.999509654,0
9.882470618,9.999519668,0
9.902475619,9.999529477,0
9.92248062,9.999539086,0
9.942485621,9.999548499,0
9.962490623,9.999557719,0
9.982495624,9.999566752,0
10.00250063,9.999575599,0
10.02250563,9.999584266,2
10.04251063,9.999592757,2
10.06251563,9.999601073,2
10.08252063,9.99960922,2
10.10252563,9.9996172,2
10.12253063,9.999625018,2
10.14253563,9.999632676,2
10.16254064,9.999640177,2
10.18254564,9.999647525,2
10.20255064,9.999654724,2
10.22255564,9.999661775,2
10.24256064,9.999668682,2
10.26256564,9.999675448,2
10.28257064,9.999682076,2
10.30257564,9.999688569,2
10.32258065,9.999694929,2
10.34258565,9.999701159,2
10.36259065,9.999707262,2
10.38259565,9.99971324,2
10.40260065,9.999719096,2
10.42260565,9.999724833,2
10.44261065,9.999730452,2
10.46261565,9.999735957,2
10.48262066,9.999741349,2
10.50262566,9.999746631,2
10.52263066,9.999751805,2
10.54263566,9.999756874,2
10.56264066,9.999761839,2
10.58264566,9.999766703,2
10.60265066,9.999771467,2
10.62265566,9.999776134,2
10.64266067,9.999780706,2
10.66266567,9.999785184,2
10.68267067,9.999789571,2
10.70267567,9.999793869,2
10.72268067,9.999798078,2
10.74268567,9.999802202,2
10.76269067,9.999806241,2
10.78269567,9.999810198,2
10.80270068,9.999814074,2
10.82270568,9.999817871,2
10.84271068,9.999821591,2
10.86271568,9.999825234,2
10.88272068,9.999828803,2
10.90272568,9.999832299,2
10.92273068,9.999835724,2
10.94273568,9.999839079,2
10.96274069,9.999842365,2
10.98274569,9.999845584,2
11.00275069,9.999848738,2
11.02275569,9.999851827,2
11.04276069,9.999854853,2
11.06276569,9.999857817,2
11.08277069,9.999860721,2
11.10277569,9.999863565,2
11.1227807,9.999866351,2
11.1427857,9.999869081,2
11.1627907,9.999871754,2
11.1827957,9.999874373,2
11.2028007,9.999876939,2
11.2228057,9.999879452,2
11.2428107,9.999881914,2
11.2628157,9.999884325,2
11.28282071,9.999886688,2
11.30282571,9.999889002,2
11.32283071,9.999891268,2
11.34283571,9.999893489,2
11.36284071,9.999895664,2
11.38284571,9.999897795,2
11.40285071,9.999899882,2
11.42285571,9.999901927,2
11.44286072,9.99990393,2
11.46286572,9.999905891,2
11.48287072,9.999907813,2
11.50287572,9.999909696,2
11.52288072,9.99991154,2
11.54288572,9.999913347,2
11.56289072,9.999915116,2
11.58289572,9.99991685,2
11.60290073,9.999918548,2
11.62290573,9.999920211,2
11.64291073,9.999921841,2
11.66291573,9.999923437,2
11.68292073,9.999925,2
11.70292573,9.999926532,2
11.72293073,9.999928032,2
11.74293573,9.999929502,2
11.76294074,9.999930942,2
11.78294574,9.999932352,2
11.80295074,9.999933734,2
11.82295574,9.999935087,2
11.84296074,9.999936413,2
11.86296574,9.999937711,2
11.88297074,9.999938983,2
11.90297574,9.999940229,2
11.92298075,9.99994145,2
11.94298575,9.999942646,2
11.96299075,9.999943817,2
11.98299575,9.999944964,2
12.00300075,9.999946088,2
12.02300575,9.999947189,2
12.04301075,9.999948268,2
12.06301575,9.999949324,2
12.08302076,9.999950359,2
12.10302576,9.999951373,2
12.12303076,9.999952366,2
12.14303576,9.999953339,2
12.16304076,9.999954291,2
12.18304576,9.999955225,2
12.20305076,9.999956139,2
12.22305576,9.999957035,2
12.24306077,9.999957912,2
12.26306577,9.999958772,2
12.28307077,9.999959614,2
12.30307577,9.999960439,2
12.32308077,9.999961247,2
12.34308577,9.999962038,2
12.36309077,9.999962813,2
12.38309577,9.999963573,2
12.40310078,9.999964317,2
12.42310578,9.999965045,2
12.44311078,9.999965759,2
12.46311578,9.999966458,2
12.48312078,9.999967143,2
12.50312578,9.999967814,2
12.52313078,9.999968472,2
12.54313578,9.999969116,2
12.56314079,9.999969746,2
12.58314579,9.999970364,2
12.60315079,9.999970969,2
12.62315579,9.999971562,2
12.64316079,9.999972143,2
12.66316579,9.999972712,2
12.68317079,9.999973269,2
12.70317579,9.999973815,2
12.7231808,9.99997435,2
12.7431858,9.999974874,2
12.7631908,9.999975387,2
12.7831958,9.999975889,2
12.8032008,9.999976382,2
12.8232058,9.999976864,2
12.8432108,9.999977337,2
12.8632158,9.999977799,2
12.88322081,9.999978253,2
12.90322581,9.999978697,2
12.92323081,9.999979132,2
12.94323581,9.999979558,2
12.96324081,9.999979976,2
12.98324581,9.999980384,2
13.00325081,9.999980785,2
13.02325581,9.999981177,2
13.04326082,9.999981562,2
13.06326582,9.999981938,2
13.08327082,9.999982307,2
13.10327582,9.999982669,2
13.12328082,9.999983023,2
13.14328582,9.999983369,2
13.16329082,9.999983709,2
13.18329582,9.999984042,2
13.20330083,9.999984367,2
13.22330583,9.999984687,2
13.24331083,9.999984999,2
13.26331583,9.999985306,2
13.28332083,9.999985606,2
13.30332583,9.9999859,2
13.32333083,9.999986188,2
13.34333583,9.99998647,2
13.36334084,9.999986746,2
13.38334584,9.999987017,2
13.40335084,9.999987282,2
13.42335584,9.999987542,2
13.44336084,9.999987796,2
13.46336584,9.999988045,2
13.48337084,9.999988289,2
13.50337584,9.999988529,2
13.52338085,9.999988763,2
13.54338585,9.999988992,2
13.56339085,9.999989217,2
13.58339585,9.999989437,2
13.60340085,9.999989653,2
13.62340585,9.999989864,2
13.64341085,9.999990071,2
13.66341585,9.999990274,2
13.68342086,9.999990473,2
13.70342586,9.999990667,2
13.72343086,9.999990858,2
13.74343586,9.999991045,2
13.76344086,9.999991227,2
13.78344586,9.999991407,2
13.80345086,9.999991582,2
13.82345586,9.999991754,2
13.84346087,9.999991922,2
13.86346587,9.999992087,2
13.88347087,9.999992249,2
13.90347587,9.999992407,2
13.92348087,9.999992562,2
13.94348587,9.999992714,2
13.96349087,9.999992863,2
13.98349587,9.999993009,2
14.00350088,9.999993152,2
14.02350588,9.999993291,2
14.04351088,9.999993428,2
14.06351588,9.999993563,2
14.08352088,9.999993694,2
14.10352588,9.999993823,2
14.12353088,9.999993949,2
14.14353588,9.999994073,2
14.16354089,9.999994194,2
14.18354589,9.999994312,2
14.20355089,9.999994428,2
14.22355589,9.999994542,2
14.24356089,9.999994654,2
14.26356589,9.999994763,2
14.28357089,9.99999487,2
14.30357589,9.999994975,2
14.3235809,9.999995077,2
14.3435859,9.999995178,2
14.3635909,9.999995276,2
14.3835959,9.999995373,2
14.4036009,9.999995467,2
14.4236059,9.99999556,2
14.4436109,9.99999565,2
14.4636159,9.999995739,2
14.48362091,9.999995826,2
14.50362591,9.999995911,2
14.52363091,9.999995995,2
14.54363591,9.999996077,2
14.56364091,9.999996157,2
14.58364591,9.999996235,2
14.60365091,9.999996312,2
14.62365591,9.999996388,2
14.64366092,9.999996461,2
14.66366592,9.999996534,2
14.68367092,9.999996604,2
14.70367592,9.999996674,2
14.72368092,9.999996742,2
14.74368592,9.999996808,2
14.76369092,9.999996873,2
14.78369592,9.999996937,2
14.80370093,9.999997,2
14.82370593,9.999997061,2
14.84371093,9.999997121,2
14.86371593,9.99999718,2
14.88372093,9.999997237,2
14.90372593,9.999997294,2
14.92373093,9.999997349,2
14.94373593,9.999997403,2
14.96374094,9.999997456,2
14.98374594,9.999997508,2
15.00375094,9.999997559,2
15.02375594,9.999997609,2
15.04376094,9.999997658,2
15.06376594,9.999997706,2
15.08377094,9.999997752,2
15.10377594,9.999997798,2
15.12378095,9.999997843,2
15.14378595,9.999997887,2
15.16379095,9.999997931,2
15.18379595,9.999997973,2
15.20380095,9.999998014,2
15.22380595,9.999998055,2
15.24381095,9.999998094,2
15.26381595,9.999998133,2
15.28382096,9.999998172,2
15.30382596,9.999998209,2
15.32383096,9.999998245,2
15.34383596,9.999998281,2
15.36384096,9.999998316,2
15.38384596,9.999998351,2
15.40385096,9.999998384,2
15.42385596,9.999998417,2
15.44386097,9.99999845,2
15.46386597,9.999998481,2
15.48387097,9.999998512,2
15.50387597,9.999998543,2
15.52388097,9.999998573,2
15.54388597,9.999998602,2
15.56389097,9.99999863,2
15.58389597,9.999998658,2
15.60390098,9.999998686,2
15.62390598,9.999998712,2
15.64391098,9.999998739,2
15.66391598,9.999998765,2
15.68392098,9.99999879,2
15.70392598,9.999998814,2
15.72393098,9.999998839,2
15.74393598,9.999998862,2
15.76394099,9.999998886,2
15.78394599,9.999998908,2
15.80395099,9.999998931,2
15.82395599,9.999998953,2
15.84396099,9.999998974,2
15.86396599,9.999998995,2
15.88397099,9.999999015,2
15.90397599,9.999999035,2
15.923981,9.999999055,2
15.943986,9.999999074,2
15.963991,9.999999093,2
15.983996,9.999999112,2
16.004001,9.99999913,2
16.024006,9.999999148,2
16.044011,9.999999165,2
16.064016,9.999999182,2
16.08402101,9.999999199,2
16.10402601,9.999999215,2
16.12403101,9.999999231,2
16.14403601,9.999999247,2
16.16404101,9.999999262,2
16.18404601,9.999999277,2
16.20405101,9.999999292,2
16.22405601,9.999999307,2
16.24406102,9.999999321,2
16.26406602,9.999999335,2
16.28407102,9.999999348,2
16.30407602,9.999999362,2
16.32408102,9.999999375,2
16.34408602,9.999999387,2
16.36409102,9.9999994,2
16.38409602,9.999999412,2
16.40410103,9.999999424,2
16.42410603,9.999999436,2
16.44411103,9.999999447,2
16.46411603,9.999999459,2
16.48412103,9.99999947,2
16.50412603,9.999999481,2
16.52413103,9.999999491,2
16.54413603,9.999999502,2
16.56414104,9.999999512,2
16.58414604,9.999999522,2
16.60415104,9.999999532,2
16.62415604,9.999999541,2
16.64416104,9.99999955,2
16.66416604,9.99999956,2
16.68417104,9.999999569,2
16.70417604,9.999999577,2
16.72418105,9.999999586,2
16.74418605,9.999999595,2
16.76419105,9.999999603,2
16.78419605,9.999999611,2
16.80420105,9.999999619,2
16.82420605,9.999999627,2
16.84421105,9.999999634,2
16.86421605,9.999999642,2
16.88422106,9.999999649,2
16.90422606,9.999999656,2
16.92423106,9.999999663,2
16.94423606,9.99999967,2
16.96424106,9.999999677,2
16.98424606,9.999999683,2
17.00425106,9.99999969,2
17.02425606,9.999999696,0
17.04426107,9.999999702,0
17.06426607,9.999999709,0
17.08427107,9.999999714,0
17.10427607,9.99999972,0
17.12428107,9.999999726,0
17.14428607,9.999999732,0
17.16429107,9.999999737,0
17.18429607,9.999999742,0
17.20430108,9.999999748,0
17.22430608,9.999999753,0
17.24431108,9.999999758,0
17.26431608,9.999999763,0
17.28432108,9.999999768,0
17.30432608,9.999999772,0
17.32433108,9.999999777,0
17.34433608,9.999999782,0
17.36434109,9.999999786,0
17.38434609,9.99999979,0
17.40435109,9.999999795,0
17.42435609,9.999999799,0
17.44436109,9.999999803,0
17.46436609,9.999999807,0
17.48437109,9.999999811,0
17.50437609,9.999999815,0
17.5243811,9.999999819,0
17.5443861,9.999999822,0
17.5643911,9.999999826,0
17.5843961,9.99999983,0
17.6044011,9.999999833,0
17.6244061,9.999999836,0
17.6444111,9.99999984,0
17.6644161,9.999999843,0
17.68442111,9.999999846,0
17.70442611,9.999999849,0
17.72443111,9.999999852,0
17.74443611,9.999999855,0
17.76444111,9.999999858,0
17.78444611,9.999999861,0
17.80445111,9.999999864,0
17.82445611,9.999999867,0
17.84446112,9.99999987,0
17.86446612,9.999999872,0
17.88447112,9.999999875,0
17.90447612,9.999999877,0
17.92448112,9.99999988,0
17.94448612,9.999999882,0
17.96449112,9.999999885,0
17.98449612,9.999999887,0
18.00450113,9.999999889,0
18.02450613,9.999999892,0
18.04451113,9.999999894,0
18.06451613,9.999999896,0
18.08452113,9.999999898,0
18.10452613,9.9999999,0
18.12453113,9.999999902,0
18.14453613,9.999999904,0
18.16454114,9.999999906,0
18.18454614,9.999999908,0
18.20455114,9.99999991,0
18.22455614,9.999999912,0
18.24456114,9.999999914,0
18.26456614,9.999999915,0
18.28457114,9.999999917,0
18.30457614,9.999999919,0
18.32458115,9.999999921,0
18.34458615,9.999999922,0
18.36459115,9.999999924,0
18.38459615,9.999999925,0
18.40460115,9.999999927,0
18.42460615,9.999999928,0
18.44461115,9.99999993,0
18.46461615,9.999999931,0
18.48462116,9.999999933,0
18.50462616,9.999999934,0
18.52463116,9.999999935,0
18.54463616,9.999999937,0
18.56464116,9.999999938,0
18.58464616,9.999999939,0
18.60465116,9.99999994,0
18.62465616,9.999999942,0
18.64466117,9.999999943,0
18.66466617,9.999999944,0
18.68467117,9.999999945,0
18.70467617,9.999999946,0
18.72468117,9.999999947,0
18.74468617,9.999999948,0
18.76469117,9.99999995,0
18.78469617,9.999999951,0
18.80470118,9.999999952,0
18.82470618,9.999999953,0
18.84471118,9.999999954,0
18.86471618,9.999999954,0
18.88472118,9.999999955,0
18.90472618,9.999999956,0
18.92473118,9.999999957,0
18.94473618,9.999999958,0
18.96474119,9.999999959,0
18.98474619,9.99999996,0
19.00475119,9.999999961,0
19.02475619,9.999999961,0
19.04476119,9.999999962,0
19.06476619,9.999999963,0
19.08477119,9.999999964,0
19.10477619,9.999999964,0
19.1247812,9.999999965,0
19.1447862,9.999999966,0
19.1647912,9.999999967,0
19.1847962,9.999999967,0
19.2048012,9.999999968,0
19.2248062,9.999999969,0
19.2448112,9.999999969,0
19.2648162,9.99999997,0
19.28482121,9.99999997,0
19.30482621,9.999999971,0
19.32483121,9.999999972,0
19.34483621,9.999999972,0
19.36484121,9.999999973,0
19.38484621,9.999999973,0
19.40485121,9.999999974,0
19.42485621,9.999999974,0
19.44486122,9.999999975,0
19.46486622,9.999999975,0
19.48487122,9.999999976,0
19.50487622,9.999999976,0
19.52488122,9.999999977,0
19.54488622,9.999999977,0
19.56489122,9.999999978,0
19.58489622,9.999999978,0
19.60490123,9.999999979,0
19.62490623,9.999999979,0
19.64491123,9.99999998,0
19.66491623,9.99999998,0
19.68492123,9.99999998,0
19.70492623,9.999999981,0
19.72493123,9.999999981,0
19.74493623,9.999999982,0
19.76494124,9.999999982,0
19.78494624,9.999999982,0
19.80495124,9.999999983,0
19.82495624,9.999999983,0
19.84496124,9.999999983,0
19.86496624,9.999999984,0
19.88497124,9.999999984,0
19.90497624,9.999999984,0
19.92498125,9.999999985,0
19.94498625,9.999999985,0
19.96499125,9.999999985,0
19.98499625,9.999999986,0
20.00500125,9.999999986,0
20.02500625,9.999999986,2
20.04501125,9.999999987,2
20.06501625,9.999999987,2
20.08502126,9.999999987,2
20.10502626,9.999999987,2
20.12503126,9.999999988,2
20.14503626,9.999999988,2
20.16504126,9.999999988,2
20.18504626,9.999999988,2
20.20505126,9.999999989,2
20.22505626,9.999999989,2
20.24506127,9.999999989,2
20.26506627,9.999999989,2
20.28507127,9.999999989,2
20.30507627,9.99999999,2
20.32508127,9.99999999,2
20.34508627,9.99999999,2
20.36509127,9.99999999,2
20.38509627,9.999999991,2
20.40510128,9.999999991,2
20.42510628,9.999999991,2
20.44511128,9.999999991,2
20.46511628,9.999999991,2
20.48512128,9.999999991,2
20.50512628,9.999999992,2
20.52513128,9.999999992,2
20.54513628,9.999999992,2
20.56514129,9.999999992,2
20.58514629,9.999999992,2
20.60515129,9.999999992,2
20.62515629,9.999999993,2
20.64516129,9.999999993,2
20.66516629,9.999999993,2
20.68517129,9.999999993,2
20.70517629,9.999999993,2
20.7251813,9.999999993,2
20.7451863,9.999999993,2
20.7651913,9.999999994,2
20.7851963,9.999999994,2
20.8052013,9.999999994,2
20.8252063,9.999999994,2
20.8452113,9.999999994,2
20.8652163,9.999999994,2
20.88522131,9.999999994,2
20.90522631,9.999999994,2
20.92523131,9.999999995,2
20.94523631,9.999999995,2
20.96524131,9.999999995,2
20.98524631,9.999999995,2
21.00525131,9.999999995,2
21.02525631,9.999999995,2
21.04526132,9.999999995,2
21.06526632,9.999999995,2
21.08527132,9.999999995,2
21.10527632,9.999999995,2
21.12528132,9.999999996,2
21.14528632,9.999999996,2
21.16529132,9.999999996,2
21.18529632,9.999999996,2
21.20530133,9.999999996,2
21.22530633,9.999999996,2
21.24531133,9.999999996,2
21.26531633,9.999999996,2
21.28532133,9.999999996,2
21.30532633,9.999999996,2
21.32533133,9.999999996,2
21.34533633,9.999999996,2
21.36534134,9.999999997,2
21.38534634,9.999999997,2
21.40535134,9.999999997,2
21.42535634,9.999999997,2
21.44536134,9.999999997,2
21.46536634,9.999999997,2
21.48537134,9.999999997,2
21.50537634,9.999999997,2
21.52538135,9.999999997,2
21.54538635,9.999999997,2
21.56539135,9.999999997,2
21.58539635,9.999999997,2
21.60540135,9.999999997,2
21.62540635,9.999999997,2
21.64541135,9.999999997,2
21.66541635,9.999999997,2
21.68542136,9.999999998,2
21.70542636,9.999999998,2
21.72543136,9.999999998,2
21.74543636,9.999999998,2
21.76544136,9.999999998,2
21.78544636,9.999999998,2
21.80545136,9.999999998,2
21.82545636,9.999999998,2
21.84546137,9.999999998,2
21.86546637,9.999999998,2
21.88547137,9.999999998,2
21.90547637,9.999999998,2
21.92548137,9.999999998,2
21.94548637,9.999999998,2
21.96549137,9.999999998,2
21.98549637,9.999999998,2
22.00550138,9.999999998,2
22.02550638,9.999999998,2
22.04551138,9.999999998,2
22.06551638,9.999999998,2
22.08552138,9.999999998,2
22.10552638,9.999999998,2
22.12553138,9.999999998,2
22.14553638,9.999999998,2
22.16554139,9.999999998,2
22.18554639,9.999999999,2
22.20555139,9.999999999,2
22.22555639,9.999999999,2
22.24556139,9.999999999,2
22.26556639,9.999999999,2
22.28557139,9.999999999,2
22.30557639,9.999999999,2
22.3255814,9.999999999,2
22.3455864,9.999999999,2
22.3655914,9.999999999,2
22.3855964,9.999999999,2
22.4056014,9.999999999,2
22.4256064,9.999999999,2
22.4456114,9.999999999,2
22.4656164,9.999999999,2
22.48562141,9.999999999,2
22.50562641,9.999999999,2
22.52563141,9.999999999,2
22.54563641,9.999999999,2
22.56564141,9.999999999,2
22.58564641,9.999999999,2
22.60565141,9.999999999,2
22.62565641,9.999999999,2
22.64566142,9.999999999,2
22.66566642,9.999999999,2
22.68567142,9.999999999,2
22.70567642,9.999999999,2
22.72568142,9.999999999,2
22.74568642,9.999999999,2
22.76569142,9.999999999,2
22.78569642,9.999999999,2
22.80570143,9.999999999,2
22.82570643,9.999999999,2
22.84571143,9.999999999,2
22.86571643,9.999999999,2
22.88572143,9.999999999,2
22.90572643,9.999999999,2
22.92573143,9.999999999,2
22.94573643,9.999999999,2
22.96574144,9.999999999,2
22.98574644,9.999999999,2
23.00575144,9.999999999,2
23.02575644,9.999999999,2
23.04576144,9.999999999,2
23.06576644,9.999999999,2
23.08577144,9.999999999,2
23.10577644,9.999999999,2
23.12578145,9.999999999,2
23.14578645,9.999999999,2
23.16579145,9.999999999,2
23.18579645,9.999999999,2
23.20580145,9.999999999,2
23.22580645,9.999999999,2
23.24581145,10.0,2
23.26581645,10.0,2
23.28582146,10.0,2
23.30582646,10.0,2
23.32583146,10.0,2
23.34583646,10.0,2
23.36584146,10.0,2
23.38584646,10.0,2
23.40585146,10.0,2
23.42585646,10.0,2
23.44586147,10.0,2
23.46586647,10.0,2
23.48587147,10.0,2
23.50587647,10.0,2
23.52588147,10.0,2
23.54588647,10.0,2
23.56589147,10.0,2
23.58589647,10.0,2
23.60590148,10.0,2
23.62590648,10.0,2
23.64591148,10.0,2
23.66591648,10.0,2
23.68592148,10.0,2
23.70592648,10.0,2
23.72593148,10.0,2
23.74593648,10.0,2
23.76594149,10.0,2
23.78594649,10.0,2
23.80595149,10.0,2
23.82595649,10.0,2
23.84596149,10.0,2
23.86596649,10.0,2
23.88597149,10.0,2
23.90597649,10.0,2
23.9259815,10.0,2
23.9459865,10.0,2
23.9659915,10.0,2
23.9859965,10.0,2
24.0060015,10.0,2
24.0260065,10.0,2
24.0460115,10.0,2
24.0660165,10.0,2
24.08602151,10.0,2
24.10602651,10.0,2
24.12603151,10.0,2
24.14603651,10.0,2
24.16604151,10.0,2
24.18604651,10.0,2
24.20605151,10.0,2
24.22605651,10.0,2
24.24606152,10.0,2
24.26606652,10.0,2
24.28607152,10.0,2
24.30607652,10.0,2
24.32608152,10.0,2
24.34608652,10.0,2
24.36609152,10.0,2
24.38609652,10.0,2
24.40610153,10.0,2
24.42610653,10.0,2
24.44611153,10.0,2
24.46611653,10.0,2
24.48612153,10.0,2
24.50612653,10.0,2
24.52613153,10.0,2
24.54613653,10.0,2
24.56614154,10.0,2
24.58614654,10.0,2
24.60615154,10.0,2
24.62615654,10.0,2
24.64616154,10.0,2
24.66616654,10.0,2
24.68617154,10.0,2
24.70617654,10.0,2
24.72618155,10.0,2
24.74618655,10.0,2
24.76619155,10.0,2
24.78619655,10.0,2
24.80620155,10.0,2
24.82620655,10.0,2
24.84621155,10.0,2
24.86621655,10.0,2
24.88622156,10.0,2
24.90622656,10.0,2
24.92623156,10.0,2
24.94623656,10.0,2
24.96624156,10.0,2
24.98624656,10.0,2
25.00625156,10.0,2
25.02625656,10.0,2
25.04626157,10.0,2
25.06626657,10.0,2
25.08627157,10.0,2
25.10627657,10.0,2
25.12628157,10.0,2
25.14628657,10.0,2
25.16629157,10.0,2
25.18629657,10.0,2
25.20630158,10.0,2
25.22630658,10.0,2
25.24631158,10.0,2
25.26631658,10.0,2
25.28632158,10.0,2
25.30632658,10.0,2
25.32633158,10.0,2
25.34633658,10.0,2
25.36634159,10.0,2
25.38634659,10.0,2
25.40635159,10.0,2
25.42635659,10.0,2
25.44636159,10.0,2
25.46636659,10.0,2
25.48637159,10.0,2
25.50637659,10.0,2
25.5263816,10.0,2
25.5463866,10.0,2
25.5663916,10.0,2
25.5863966,10.0,2
25.6064016,10.0,2
25.6264066,10.0,2
25.6464116,10.0,2
25.6664166,10.0,2
25.68642161,10.0,2
25.70642661,10.0,2
25.72643161,10.0,2
25.74643661,10.0,2
25.76644161,10.0,2
25.78644661,10.0,2
25.80645161,10.0,2
25.82645661,10.0,2
25.84646162,10.0,2
25.86646662,10.0,2
25.88647162,10.0,2
25.90647662,10.0,2
25.92648162,10.0,2
25.94648662,10.0,2
25.96649162,10.0,2
25.98649662,10.0,2
26.00650163,10.0,2
26.02650663,10.0,2
26.04651163,10.0,2
26.06651663,10.0,2
26.08652163,10.0,2
26.10652663,10.0,2
26.12653163,10.0,2
26.14653663,10.0,2
26.16654164,10.0,2
26.18654664,10.0,2
26.20655164,10.0,2
26.22655664,10.0,2
26.24656164,10.0,2
26.26656664,10.0,2
26.28657164,10.0,2
26.30657664,10.0,2
26.32658165,10.0,2
26.34658665,10.0,2
26.36659165,10.0,2
26.38659665,10.0,2
26.40660165,10.0,2
26.42660665,10.0,2
26.44661165,10.0,2
26.46661665,10.0,2
26.48662166,10.0,2
26.50662666,10.0,2
26.52663166,10.0,2
26.54663666,10.0,2
26.56664166,10.0,2
26.58664666,10.0,2
26.60665166,10.0,2
26.62665666,10.0,2
26.64666167,10.0,2
26.66666667,10.0,2
26.68667167,10.0,2
26.70667667,10.0,2
26.72668167,10.0,2
26.74668667,10.0,2
26.76669167,10.0,2
26.78669667,10.0,2
26.80670168,10.0,2
26.82670668,10.0,2
26.84671168,10.0,2
26.86671668,10.0,2
26.88672168,10.0,2
26.90672668,10.0,2
26.92673168,10.0,2
26.94673668,10.0,2
26.96674169,10.0,2
26.98674669,10.0,2
27.00675169,10.0,2
27.02675669,10.0,0
27.04676169,10.0,0
27.06676669,10.0,0
27.08677169,10.0,0
27.10677669,10.0,0
27.1267817,10.0,0
27.1467867,10.0,0
27.1667917,10.0,0
27.1867967,10.0,0
27.2068017,10.0,0
27.2268067,10.0,0
27.2468117,10.0,0
27.2668167,10.0,0
27.28682171,10.0,0
27.30682671,10.0,0
27.32683171,10.0,0
27.34683671,10.0,0
27.36684171,10.0,0
27.38684671,10.0,0
27.40685171,10.0,0
27.42685671,10.0,0
27.44686172,10.0,0
27.46686672,10.0,0
27.48687172,10.0,0
27.50687672,10.0,0
27.52688172,10.0,0
27.54688672,10.0,0
27.56689172,10.0,0
27.58689672,10.0,0
27.60690173,10.0,0
27.62690673,10.0,0
27.64691173,10.0,0
27.66691673,10.0,0
27.68692173,10.0,0
27.70692673,10.0,0
27.72693173,10.0,0
27.74693673,10.0,0
27.76694174,10.0,0
27.78694674,10.0,0
27.80695174,10.0,0
27.82695674,10.0,0
27.84696174,10.0,0
27.86696674,10.0,0
27.88697174,10.0,0
27.90697674,10.0,0
27.92698175,10.0,0
27.94698675,10.0,0
27.96699175,10.0,0
27.98699675,10.0,0
28.00700175,10.0,0
28.02700675,10.0,0
28.04701175,10.0,0
28.06701675,10.0,0
28.08702176,10.0,0
28.10702676,10.0,0
28.12703176,10.0,0
28.14703676,10.0,0
28.16704176,10.0,0
28.18704676,10.0,0
28.20705176,10.0,0
28.22705676,10.0,0
28.24706177,10.0,0
28.26706677,10.0,0
28.28707177,10.0,0
28.30707677,10.0,0
28.32708177,10.0,0
28.34708677,10.0,0
28.36709177,10.0,0
28.38709677,10.0,0
28.40710178,10.0,0
28.42710678,10.0,0
28.44711178,10.0,0
28.46711678,10.0,0
28.48712178,10.0,0
28.50712678,10.0,0
28.52713178,10.0,0
28.54713678,10.0,0
28.56714179,10.0,0
28.58714679,10.0,0
28.60715179,10.0,0
28.62715679,10.0,0
28.64716179,10.0,0
28.66716679,10.0,0
28.68717179,10.0,0
28.70717679,10.0,0
28.7271818,10.0,0
28.7471868,10.0,0
28.7671918,10.0,0
28.7871968,10.0,0
28.8072018,10.0,0
28.8272068,10.0,0
28.8472118,10.0,0
28.8672168,10.0,0
28.88722181,10.0,0
28.90722681,10.0,0
28.92723181,10.0,0
28.94723681,10.0,0
28.96724181,10.0,0
28.98724681,10.0,0
29.00725181,10.0,0
29.02725681,10.0,0
29.04726182,10.0,0
29.06726682,10.0,0
29.08727182,10.0,0
29.10727682,10.0,0
29.12728182,10.0,0
29.14728682,10.0,0
29.16729182,10.0,0
29.18729682,10.0,0
29.20730183,10.0,0
29.22730683,10.0,0
29.24731183,10.0,0
29.26731683,10.0,0
29.28732183,10.0,0
29.30732683,10.0,0
29.32733183,10.0,0
29.34733683,10.0,0
29.36734184,10.0,0
29.38734684,10.0,0
29.40735184,10.0,0
29.42735684,10.0,0
29.44736184,10.0,0
29.46736684,10.0,0
29.48737184,10.0,0
29.50737684,10.0,0
29.52738185,10.0,0
29.54738685,10.0,0
29.56739185,10.0,0
29.58739685,10.0,0
29.60740185,10.0,0
29.62740685,10.0,0
29.64741185,10.0,0
29.66741685,10.0,0
29.68742186,10.0,0
29.70742686,10.0,0
29.72743186,10.0,0
29.74743686,10.0,0
29.76744186,10.0,0
29.78744686,10.0,0
29.80745186,10.0,0
29.82745686,10.0,0
29.84746187,10.0,0
29.86746687,10.0,0
29.88747187,10.0,0
29.90747687,10.0,0
29.92748187,10.0,0
29.94748687,10.0,0
29.96749187,10.0,0
29.98749687,10.0,0
30.00750188,10.0,0
30.02750688,10.0,0
30.04751188,10.0,0
30.06751688,10.0,0
30.08752188,10.0,0
30.10752688,10.0,0
30.12753188,10.0,0
30.14753688,10.0,0
30.16754189,10.0,0
30.18754689,10.0,0
30.20755189,10.0,0
30.22755689,10.0,0
30.24756189,10.0,0
30.26756689,10.0,0
30.28757189,10.0,0
30.30757689,10.0,0
30.3275819,10.0,0
30.3475869,10.0,0
30.3675919,10.0,0
30.3875969,10.0,0
30.4076019,10.0,0
30.4276069,10.0,0
30.4476119,10.0,0
30.4676169,10.0,0
30.48762191,10.0,0
30.50762691,10.0,0
30.52763191,10.0,0
30.54763691,10.0,0
30.56764191,10.0,0
30.58764691,10.0,0
30.60765191,10.0,0
30.62765691,10.0,0
30.64766192,10.0,0
30.66766692,10.0,0
30.68767192,10.0,0
30.70767692,10.0,0
30.72768192,10.0,0
30.74768692,10.0,0
30.76769192,10.0,0
30.78769692,10.0,0
30.80770193,10.0,0
30.82770693,10.0,0
30.84771193,10.0,0
30.86771693,10.0,0
30.88772193,10.0,0
30.90772693,10.0,0
30.92773193,10.0,0
30.94773693,10.0,0
30.96774194,10.0,0
30.98774694,10.0,0
31.00775194,10.0,0
31.02775694,10.0,0
31.04776194,10.0,0
31.06776694,10.0,0
31.08777194,10.0,0
31.10777694,10.0,0
31.12778195,10.0,0
31.14778695,10.0,0
31.16779195,10.0,0
31.18779695,10.0,0
31.20780195,10.0,0
31.22780695,10.0,0
31.24781195,10.0,0
31.26781695,10.0,0
31.28782196,10.0,0
31.30782696,10.0,0
31.32783196,10.0,0
31.34783696,10.0,0
31.36784196,10.0,0
31.38784696,10.0,0
31.40785196,10.0,0
31.42785696,10.0,0
31.44786197,10.0,0
31.46786697,10.0,0
31.48787197,10.0,0
31.50787697,10.0,0
31.52788197,10.0,0
31.54788697,10.0,0
31.56789197,10.0,0
31.58789697,10.0,0
31.60790198,10.0,0
31.62790698,10.0,0
31.64791198,10.0,0
31.66791698,10.0,0
31.68792198,10.0,0
31.70792698,10.0,0
31.72793198,10.0,0
31.74793698,10.0,0
31.76794199,10.0,0
31.78794699,10.0,0
31.80795199,10.0,0
31.82795699,10.0,0
31.84796199,10.0,0
31.86796699,10.0,0
31.88797199,10.0,0
31.90797699,10.0,0
31.927982,10.0,0
31.947987,10.0,0
31.967992,10.0,0
31.987997,10.0,0
32.008002,10.0,0
32.028007,10.0,0
32.048012,10.0,0
32.068017,10.0,0
32.08802201,10.0,0
32.10802701,10.0,0
32.12803201,10.0,0
32.14803701,10.0,0
32.16804201,10.0,0
32.18804701,10.0,0
32.20805201,10.0,0
32.22805701,10.0,0
32.24806202,10.0,0
32.26806702,10.0,0
32.28807202,10.0,0
32.30807702,10.0,0
32.32808202,10.0,0
32.34808702,10.0,0
32.36809202,10.0,0
32.38809702,10.0,0
32.40810203,10.0,0
32.42810703,10.0,0
32.44811203,10.0,0
32.46811703,10.0,0
32.48812203,10.0,0
32.50812703,10.0,0
32.52813203,10.0,0
32.54813703,10.0,0
32.56814204,10.0,0
32.58814704,10.0,0
32.60815204,10.0,0
32.62815704,10.0,0
32.64816204,10.0,0
32.66816704,10.0,0
32.68817204,10.0,0
32.70817704,10.0,0
32.72818205,10.0,0
32.74818705,10.0,0
32.76819205,10.0,0
32.78819705,10.0,0
32.80820205,10.0,0
32.82820705,10.0,0
32.84821205,10.0,0
32.86821705,10.0,0
32.88822206,10.0,0
32.90822706,10.0,0
32.92823206,10.0,0
32.94823706,10.0,0
32.96824206,10.0,0
32.98824706,10.0,0
33.00825206,10.0,0
33.02825706,10.0,0
33.04826207,10.0,0
33.06826707,10.0,0
33.08827207,10.0,0
33.10827707,10.0,0
33.12828207,10.0,0
33.14828707,10.0,0
33.16829207,10.0,0
33.18829707,10.0,0
33.20830208,10.0,0
33.22830708,10.0,0
33.24831208,10.0,0
33.26831708,10.0,0
33.28832208,10.0,0
33.30832708,10.0,0
33.32833208,10.0,0
33.34833708,10.0,0
33.36834209,10.0,0
33.38834709,10.0,0
33.40835209,10.0,0
33.42835709,10.0,0
33.44836209,10.0,0
33.46836709,10.0,0
33.48837209,10.0,0
33.50837709,10.0,0
33.5283821,10.0,0
33.5483871,10.0,0
33.5683921,10.0,0
33.5883971,10.0,0
33.6084021,10.0,0
33.6284071,10.0,0
33.6484121,10.0,0
33.6684171,10.0,0
33.68842211,10.0,0
33.70842711,10.0,0
33.72843211,10.0,0
33.74843711,10.0,0
33.76844211,10.0,0
33.78844711,10.0,0
33.80845211,10.0,0
33.82845711,10.0,0
33.84846212,10.0,0
33.86846712,10.0,0
33.88847212,10.0,0
33.90847712,10.0,0
33.92848212,10.0,0
33.94848712,10.0,0
33.96849212,10.0,0
33.98849712,10.0,0
34.00850213,10.0,0
34.02850713,10.0,0
34.04851213,10.0,0
34.06851713,10.0,0
34.08852213,10.0,0
34.10852713,10.0,0
34.12853213,10.0,0
34.14853713,10.0,0
34.16854214,10.0,0
34.18854714,10.0,0
34.20855214,10.0,0
34.22855714,10.0,0
34.24856214,10.0,0
34.26856714,10.0,0
34.28857214,10.0,0
34.30857714,10.0,0
34.32858215,10.0,0
34.34858715,10.0,0
34.36859215,10.0,0
34.38859715,10.0,0
34.40860215,10.0,0
34.42860715,10.0,0
34.44861215,10.0,0
34.46861715,10.0,0
34.48862216,10.0,0
34.50862716,10.0,0
34.52863216,10.0,0
34.54863716,10.0,0
34.56864216,10.0,0
34.58864716,10.0,0
34.60865216,10.0,0
34.62865716,10.0,0
34.64866217,10.0,0
34.66866717,10.0,0
34.68867217,10.0,0
34.70867717,10.0,0
34.72868217,10.0,0
34.74868717,10.0,0
34.76869217,10.0,0
34.78869717,10.0,0
34.80870218,10.0,0
34.82870718,10.0,0
34.84871218,10.0,0
34.86871718,10.0,0
34.88872218,10.0,0
34.90872718,10.0,0
34.92873218,10.0,0
34.94873718,10.0,0
34.96874219,10.0,0
34.98874719,10.0,0
35.00875219,10.0,0
35.02875719,10.0,0
35.04876219,10.0,0
35.06876719,10.0,0
35.08877219,10.0,0
35.10877719,10.0,0
35.1287822,10.0,0
35.1487872,10.0,0
35.1687922,10.0,0
35.1887972,10.0,0
35.2088022,10.0,0
35.2288072,10.0,0
35.2488122,10.0,0
35.2688172,10.0,0
35.28882221,10.0,0
35.30882721,10.0,0
35.32883221,10.0,0
35.34883721,10.0,0
35.36884221,10.0,0
35.38884721,10.0,0
35.40885221,10.0,0
35.42885721,10.0,0
35.44886222,10.0,0
35.46886722,10.0,0
35.48887222,10.0,0
35.50887722,10.0,0
35.52888222,10.0,0
35.54888722,10.0,0
35.56889222,10.0,0
35.58889722,10.0,0
35.60890223,10.0,0
35.62890723,10.0,0
35.64891223,10.0,0
35.66891723,10.0,0
35.68892223,10.0,0
35.70892723,10.0,0
35.72893223,10.0,0
35.74893723,10.0,0
35.76894224,10.0,0
35.78894724,10.0,0
35.80895224,10.0,0
35.82895724,10.0,0
35.84896224,10.0,0
35.86896724,10.0,0
35.88897224,10.0,0
35.90897724,10.0,0
35.92898225,10.0,0
35.94898725,10.0,0
35.96899225,10.0,0
35.98899725,10.0,0
36.00900225,10.0,0
36.02900725,10.0,0
36.04901225,10.0,0
36.06901725,10.0,0
36.08902226,10.0,0
36.10902726,10.0,0
36.12903226,10.0,0
36.14903726,10.0,0
36.16904226,10.0,0
36.18904726,10.0,0
36.20905226,10.0,0
36.22905726,10.0,0
36.24906227,10.0,0
36.26906727,10.0,0
36.28907227,10.0,0
36.30907727,10.0,0
36.32908227,10.0,0
36.34908727,10.0,0
36.36909227,10.0,0
36.38909727,10.0,0
36.40910228,10.0,0
36.42910728,10.0,0
36.44911228,10.0,0
36.46911728,10.0,0
36.48912228,10.0,0
36.50912728,10.0,0
36.52913228,10.0,0
36.54913728,10.0,0
36.56914229,10.0,0
36.58914729,10.0,0
36.60915229,10.0,0
36.62915729,10.0,0
36.64916229,10.0,0
36.66916729,10.0,0
36.68917229,10.0,0
36.70917729,10.0,0
36.7291823,10.0,0
36.7491873,10.0,0
36.7691923,10.0,0
36.7891973,10.0,0
36.8092023,10.0,0
36.8292073,10.0,0
36.8492123,10.0,0
36.8692173,10.0,0
36.88922231,10.0,0
36.90922731,10.0,0
36.92923231,10.0,0
36.94923731,10.0,0
36.96924231,10.0,0
36.98924731,10.0,0
37.00925231,10.0,0
37.02925731,10.0,0
37.04926232,10.0,0
37.06926732,10.0,0
37.08927232,10.0,0
37.10927732,10.0,0
37.12928232,10.0,0
37.14928732,10.0,0
37.16929232,10.0,0
37.18929732,10.0,0
37.20930233,10.0,0
37.22930733,10.0,0
37.24931233,10.0,0
37.26931733,10.0,0
37.28932233,10.0,0
37.30932733,10.0,0
37.32933233,10.0,0
37.34933733,10.0,0
37.36934234,10.0,0
37.38934734,10.0,0
37.40935234,10.0,0
37.42935734,10.0,0
37.44936234,10.0,0
37.46936734,10.0,0
37.48937234,10.0,0
37.50937734,10.0,0
37.52938235,10.0,0
37.54938735,10.0,0
37.56939235,10.0,0
37.58939735,10.0,0
37.60940235,10.0,0
37.62940735,10.0,0
37.64941235,10.0,0
37.66941735,10.0,0
37.68942236,10.0,0
37.70942736,10.0,0
37.72943236,10.0,0
37.74943736,10.0,0
37.76944236,10.0,0
37.78944736,10.0,0
37.80945236,10.0,0
37.82945736,10.0,0
37.84946237,10.0,0
37.86946737,10.0,0
37.88947237,10.0,0
37.90947737,10.0,0
37.92948237,10.0,0
37.94948737,10.0,0
37.96949237,10.0,0
37.98949737,10.0,0
38.00950238,10.0,0
38.02950738,10.0,0
38.04951238,10.0,0
38.06951738,10.0,0
38.08952238,10.0,0
38.10952738,10.0,0
38.12953238,10.0,0
38.14953738,10.0,0
38.16954239,10.0,0
38.18954739,10.0,0
38.20955239,10.0,0
38.22955739,10.0,0
38.24956239,10.0,0
38.26956739,10.0,0
38.28957239,10.0,0
38.30957739,10.0,0
38.3295824,10.0,0
38.3495874,10.0,0
38.3695924,10.0,0
38.3895974,10.0,0
38.4096024,10.0,0
38.4296074,10.0,0
38.4496124,10.0,0
38.4696174,10.0,0
38.48962241,10.0,0
38.50962741,10.0,0
38.52963241,10.0,0
38.54963741,10.0,0
38.56964241,10.0,0
38.58964741,10.0,0
38.60965241,10.0,0
38.62965741,10.0,0
38.64966242,10.0,0
38.66966742,10.0,0
38.68967242,10.0,0
38.70967742,10.0,0
38.72968242,10.0,0
38.74968742,10.0,0
38.76969242,10.0,0
38.78969742,10.0,0
38.80970243,10.0,0
38.82970743,10.0,0
38.84971243,10.0,0
38.86971743,10.0,0
38.88972243,10.0,0
38.90972743,10.0,0
38.92973243,10.0,0
38.94973743,10.0,0
38.96974244,10.0,0
38.98974744,10.0,0
39.00975244,10.0,0
39.02975744,10.0,0
39.04976244,10.0,0
39.06976744,10.0,0
39.08977244,10.0,0
39.10977744,10.0,0
39.12978245,10.0,0
39.14978745,10.0,0
39.16979245,10.0,0
39.18979745,10.0,0
39.20980245,10.0,0
39.22980745,10.0,0
39.24981245,10.0,0
39.26981745,10.0,0
39.28982246,10.0,0
39.30982746,10.0,0
39.32983246,10.0,0
39.34983746,10.0,0
39.36984246,10.0,0
39.38984746,10.0,0
39.40985246,10.0,0
39.42985746,10.0,0
39.44986247,10.0,0
39.46986747,10.0,0
39.48987247,10.0,0
39.50987747,10.0,0
39.52988247,10.0,0
39.54988747,10.0,0
39.56989247,10.0,0
39.58989747,10.0,0
39.60990248,10.0,0
39.62990748,10.0,0
39.64991248,10.0,0
39.66991748,10.0,0
39.68992248,10.0,0
39.70992748,10.0,0
39.72993248,10.0,0
39.74993748,10.0,0
39.76994249,10.0,0
39.78994749,10.0,0
39.80995249,10.0,0
39.82995749,10.0,0
39.84996249,10.0,0
39.86996749,10.0,0
39.88997249,10.0,0
39.90997749,10.0,0
39.9299825,10.0,0
39.9499875,10.0,0
39.9699925,10.0,0
39.9899975,10.0,0
40.0100025,10.0,0
40.0300075,10.0,0
40.0500125,10.0,0
40.0700175,10.0,0
40.09002251,10.0,0
40.11002751,10.0,0
40.13003251,10.0,0
40.15003751,10.0,0
40.17004251,10.0,0
40.19004751,10.0,0
40.21005251,10.0,0
40.23005751,10.0,0
40.25006252,10.0,0
40.27006752,10.0,0
40.29007252,10.0,0
40.31007752,10.0,0
40.33008252,10.0,0
40.35008752,10.0,0
40.37009252,10.0,0
40.39009752,10.0,0
40.41010253,10.0,0
40.43010753,10.0,0
40.45011253,10.0,0
40.47011753,10.0,0
40.49012253,10.0,0
40.51012753,10.0,0
40.53013253,10.0,0
40.55013753,10.0,0
40.57014254,10.0,0
40.59014754,10.0,0
40.61015254,10.0,0
40.63015754,10.0,0
40.65016254,10.0,0
40.67016754,10.0,0
40.69017254,10.0,0
40.71017754,10.0,0
40.73018255,10.0,0
40.75018755,10.0,0
40.77019255,10.0,0
40.79019755,10.0,0
40.81020255,10.0,0
40.83020755,10.0,0
40.85021255,10.0,0
40.87021755,10.0,0
40.89022256,10.0,0
40.91022756,10.0,0
40.93023256,10.0,0
40.95023756,10.0,0
40.97024256,10.0,0
40.99024756,10.0,0
41.01025256,10.0,0
41.03025756,10.0,0
41.05026257,10.0,0
41.07026757,10.0,0
41.09027257,10.0,0
41.11027757,10.0,0
41.13028257,10.0,0
41.15028757,10.0,0
41.17029257,10.0,0
41.19029757,10.0,0
41.21030258,10.0,0
41.23030758,10.0,0
41.25031258,10.0,0
41.27031758,10.0,0
41.29032258,10.0,0
41.31032758,10.0,0
41.33033258,10.0,0
41.35033758,10.0,0
41.37034259,10.0,0
41.39034759,10.0,0
41.41035259,10.0,0
41.43035759,10.0,0
41.45036259,10.0,0
41.47036759,10.0,0
41.49037259,10.0,0
41.51037759,10.0,0
41.5303826,10.0,0
41.5503876,10.0,0
41.5703926,10.0,0
41.5903976,10.0,0
41.6104026,10.0,0
41.6304076,10.0,0
41.6504126,10.0,0
41.6704176,10.0,0
41.69042261,10.0,0
41.71042761,10.0,0
41.73043261,10.0,0
41.75043761,10.0,0
41.77044261,10.0,0
41.79044761,10.0,0
41.81045261,10.0,0
41.83045761,10.0,0
41.85046262,10.0,0
41.87046762,10.0,0
41.89047262,10.0,0
41.91047762,10.0,0
41.93048262,10.0,0
41.95048762,10.0,0
41.97049262,10.0,0
41.99049762,10.0,0
42.01050263,10.0,0
42.03050763,10.0,0
42.05051263,10.0,0
42.07051763,10.0,0
42.09052263,10.0,0
42.11052763,10.0,0
42.13053263,10.0,0
42.15053763,10.0,0
42.17054264,10.0,0
42.19054764,10.0,0
42.21055264,10.0,0
42.23055764,10.0,0
42.25056264,10.0,0
42.27056764,10.0,0
42.29057264,10.0,0
42.31057764,10.0,0
42.33058265,10.0,0
42.35058765,10.0,0
42.37059265,10.0,0
42.39059765,10.0,0
42.41060265,10.0,0
42.43060765,10.0,0
42.45061265,10.0,0
42.47061765,10.0,0
42.49062266,10.0,0
42.51062766,10.0,0
42.53063266,10.0,0
42.55063766,10.0,0
42.57064266,10.0,0
42.59064766,10.0,0
42.61065266,10.0,0
42.63065766,10.0,0
42.65066267,10.0,0
42.67066767,10.0,0
42.69067267,10.0,0
42.71067767,10.0,0
42.73068267,10.0,0
42.75068767,10.0,0
42.77069267,10.0,0
42.79069767,10.0,0
42.81070268,10.0,0
42.83070768,10.0,0
42.85071268,10.0,0
42.87071768,10.0,0
42.89072268,10.0,0
42.91072768,10.0,0
42.93073268,10.0,0
42.95073768,10.0,0
42.97074269,10.0,0
42.99074769,10.0,0
43.01075269,10.0,0
43.03075769,10.0,0
43.05076269,10.0,0
43.07076769,10.0,0
43.09077269,10.0,0
43.11077769,10.0,0
43.1307827,10.0,0
43.1507877,10.0,0
43.1707927,10.0,0
43.1907977,10.0,0
43.2108027,10.0,0
43.2308077,10.0,0
43.2508127,10.0,0
43.2708177,10.0,0
43.29082271,10.0,0
43.31082771,10.0,0
43.33083271,10.0,0
43.35083771,10.0,0
43.37084271,10.0,0
43.39084771,10.0,0
43.41085271,10.0,0
43.43085771,10.0,0
43.45086272,10.0,0
43.47086772,10.0,0
43.49087272,10.0,0
43.51087772,10.0,0
43.53088272,10.0,0
43.55088772,10.0,0
43.57089272,10.0,0
43.59089772,10.0,0
43.61090273,10.0,0
43.63090773,10.0,0
43.65091273,10.0,0
43.67091773,10.0,0
43.69092273,10.0,0
43.71092773,10.0,0
43.73093273,10.0,0
43.75093773,10.0,0
43.77094274,10.0,0
43.79094774,10.0,0
43.81095274,10.0,0
43.83095774,10.0,0
43.85096274,10.0,0
43.87096774,10.0,0
43.89097274,10.0,0
43.91097774,10.0,0
43.93098275,10.0,0
43.95098775,10.0,0
43.97099275,10.0,0
43.99099775,10.0,0
44.01100275,10.0,0
44.03100775,10.0,0
44.05101275,10.0,0
44.07101775,10.0,0
44.09102276,10.0,0
44.11102776,10.0,0
44.13103276,10.0,0
44.15103776,10.0,0
44.17104276,10.0,0
44.19104776,10.0,0
44.21105276,10.0,0
44.23105776,10.0,0
44.25106277,10.0,0
44.27106777,10.0,0
44.29107277,10.0,0
44.31107777,10.0,0
44.33108277,10.0,0
44.35108777,10.0,0
44.37109277,10.0,0
44.39109777,10.0,0
44.41110278,10.0,0
44.43110778,10.0,0
44.45111278,10.0,0
44.47111778,10.0,0
44.49112278,10.0,0
44.51112778,10.0,0
44.53113278,10.0,0
44.55113778,10.0,0
44.57114279,10.0,0
44.59114779,10.0,0
44.61115279,10.0,0
44.63115779,10.0,0
44.65116279,10.0,0
44.67116779,10.0,0
44.69117279,10.0,0
44.71117779,10.0,0
44.7311828,10.0,0
44.7511878,10.0,0
44.7711928,10.0,0
44.7911978,10.0,0
44.8112028,10.0,0
44.8312078,10.0,0
44.8512128,10.0,0
44.8712178,10.0,0
44.89122281,10.0,0
44.91122781,10.0,0
44.93123281,10.0,0
44.95123781,10.0,0
44.97124281,10.0,0
44.99124781,10.0,0
45.01125281,10.0,0
45.03125781,10.0,2
45.05126282,10.0,2
45.07126782,10.0,2
45.09127282,10.0,2
45.11127782,10.0,2
45.13128282,10.0,2
45.15128782,10.0,2
45.17129282,10.0,2
45.19129782,10.0,2
45.21130283,10.0,2
45.23130783,10.0,2
45.25131283,10.0,2
45.27131783,10.0,2
45.29132283,10.0,2
45.31132783,10.0,2
45.33133283,10.0,2
45.35133783,10.0,2
45.37134284,10.0,2
45.39134784,10.0,2
45.41135284,10.0,2
45.43135784,10.0,2
45.45136284,10.0,2
45.47136784,10.0,2
45.49137284,10.0,2
45.51137784,10.0,2
45.53138285,10.0,2
45.55138785,10.0,2
45.57139285,10.0,2
45.59139785,10.0,2
45.61140285,10.0,2
45.63140785,10.0,2
45.65141285,10.0,2
45.67141785,10.0,2
45.69142286,10.0,2
45.71142786,10.0,2
45.73143286,10.0,2
45.75143786,10.0,2
45.77144286,10.0,2
45.79144786,10.0,2
45.81145286,10.0,2
45.83145786,10.0,2
45.85146287,10.0,2
45.87146787,10.0,2
45.89147287,10.0,2
45.91147787,10.0,2
45.93148287,10.0,2
45.95148787,10.0,2
45.97149287,10.0,2
45.99149787,10.0,2
46.01150288,10.0,2
46.03150788,10.0,2
46.05151288,10.0,2
46.07151788,10.0,2
46.09152288,10.0,2
46.11152788,10.0,2
46.13153288,10.0,2
46.15153788,10.0,2
46.17154289,10.0,2
46.19154789,10.0,2
46.21155289,10.0,2
46.23155789,10.0,2
46.25156289,10.0,2
46.27156789,10.0,2
46.29157289,10.0,2
46.31157789,10.0,2
46.3315829,10.0,2
46.3515879,10.0,2
46.3715929,10.0,2
46.3915979,10.0,2
46.4116029,10.0,2
46.4316079,10.0,2
46.4516129,10.0,2
46.4716179,10.0,2
46.49162291,10.0,2
46.51162791,10.0,2
46.53163291,10.0,2
46.55163791,10.0,2
46.57164291,10.0,2
46.59164791,10.0,2
46.61165291,10.0,2
46.63165791,10.0,2
46.65166292,10.0,2
46.67166792,10.0,2
46.69167292,10.0,2
46.71167792,10.0,2
46.73168292,10.0,2
46.75168792,10.0,2
46.77169292,10.0,2
46.79169792,10.0,2
46.81170293,10.0,2
46.83170793,10.0,2
46.85171293,10.0,2
46.87171793,10.0,2
46.89172293,10.0,2
46.91172793,10.0,2
46.93173293,10.0,2
46.95173793,10.0,2
46.97174294,10.0,2
46.99174794,10.0,2
47.01175294,10.0,2
47.03175794,10.0,2
47.05176294,10.0,2
47.07176794,10.0,2
47.09177294,10.0,2
47.11177794,10.0,2
47.13178295,10.0,2
47.15178795,10.0,2
47.17179295,10.0,2
47.19179795,10.0,2
47.21180295,10.0,2
47.23180795,10.0,2
47.25181295,10.0,2
47.27181795,10.0,2
47.29182296,10.0,2
47.31182796,10.0,2
47.33183296,10.0,2
47.35183796,10.0,2
47.37184296,10.0,2
47.39184796,10.0,2
47.41185296,10.0,2
47.43185796,10.0,2
47.45186297,10.0,2
47.47186797,10.0,2
47.49187297,10.0,2
47.51187797,10.0,2
47.53188297,10.0,2
47.55188797,10.0,2
47.57189297,10.0,2
47.59189797,10.0,2
47.61190298,10.0,2
47.63190798,10.0,2
47.65191298,10.0,2
47.67191798,10.0,2
47.69192298,10.0,2
47.71192798,10.0,2
47.73193298,10.0,2
47.75193798,10.0,2
47.77194299,10.0,2
47.79194799,10.0,2
47.81195299,10.0,2
47.83195799,10.0,2
47.85196299,10.0,2
47.87196799,10.0,2
47.89197299,10.0,2
47.91197799,10.0,2
47.931983,10.0,2
47.951988,10.0,2
47.971993,10.0,2
47.991998,10.0,2
48.012003,10.0,2
48.032008,10.0,2
48.052013,10.0,2
48.072018,10.0,2
48.09202301,10.0,2
48.11202801,10.0,2
48.13203301,10.0,2
48.15203801,10.0,2
48.17204301,10.0,2
48.19204801,10.0,2
48.21205301,10.0,2
48.23205801,10.0,2
48.25206302,10.0,2
48.27206802,10.0,2
48.29207302,10.0,2
48.31207802,10.0,2
48.33208302,10.0,2
48.35208802,10.0,2
48.37209302,10.0,2
48.39209802,10.0,2
48.41210303,10.0,2
48.43210803,10.0,2
48.45211303,10.0,2
48.47211803,10.0,2
48.49212303,10.0,2
48.51212803,10.0,2
48.53213303,10.0,2
48.55213803,10.0,2
48.57214304,10.0,2
48.59214804,10.0,2
48.61215304,10.0,2
48.63215804,10.0,2
48.65216304,10.0,2
48.67216804,10.0,2
48.69217304,10.0,2
48.71217804,10.0,2
48.73218305,10.0,2
48.75218805,10.0,2
48.77219305,10.0,2
48.79219805,10.0,2
48.81220305,10.0,2
48.83220805,10.0,2
48.85221305,10.0,2
48.87221805,10.0,2
48.89222306,10.0,2
48.91222806,10.0,2
48.93223306,10.0,2
48.95223806,10.0,2
48.97224306,10.0,2
48.99224806,10.0,2
49.01225306,10.0,2
49.03225806,10.0,2
49.05226307,10.0,2
49.07226807,10.0,2
49.09227307,10.0,2
49.11227807,10.0,2
49.13228307,10.0,2
49.15228807,10.0,2
49.17229307,10.0,2
49.19229807,10.0,2
49.21230308,10.0,2
49.23230808,10.0,2
49.25231308,10.0,2
49.27231808,10.0,2
49.29232308,10.0,2
49.31232808,10.0,2
49.33233308,10.0,2
49.35233808,10.0,2
49.37234309,10.0,2
49.39234809,10.0,2
49.41235309,10.0,2
49.43235809,10.0,2
49.45236309,10.0,2
49.47236809,10.0,2
49.49237309,10.0,2
49.51237809,10.0,2
49.5323831,10.0,2
49.5523881,10.0,2
49.5723931,10.0,2
49.5923981,10.0,2
49.6124031,10.0,2
49.6324081,10.0,2
49.6524131,10.0,2
49.6724181,10.0,2
49.69242311,10.0,2
49.71242811,10.0,2
49.73243311,10.0,2
49.75243811,10.0,2
49.77244311,10.0,2
49.79244811,10.0,2
49.81245311,10.0,2
49.83245811,10.0,2
49.85246312,10.0,2
49.87246812,10.0,2
49.89247312,10.0,2
49.91247812,10.0,2
49.93248312,10.0,2
49.95248812,10.0,2
49.97249312,10.0,2
49.99249812,10.0,2
50.01250313,10.0,2
50.03250813,10.0,2
50.05251313,10.0,2
50.07251813,10.0,2
50.09252313,10.0,2
50.11252813,10.0,2
50.13253313,10.0,2
50.15253813,10.0,2
50.17254314,10.0,2
50.19254814,10.0,2
50.21255314,10.0,2
50.23255814,10.0,2
50.25256314,10.0,2
50.27256814,10.0,2
50.29257314,10.0,2
50.31257814,10.0,2
50.33258315,10.0,2
50.35258815,10.0,2
50.37259315,10.0,2
50.39259815,10.0,2
50.41260315,10.0,2
50.43260815,10.0,2
50.45261315,10.0,2
50.47261815,10.0,2
50.49262316,10.0,2
50.51262816,10.0,2
50.53263316,10.0,2
50.55263816,10.0,2
50.57264316,10.0,2
50.59264816,10.0,2
50.61265316,10.0,2
50.63265816,10.0,2
50.65266317,10.0,2
50.67266817,10.0,2
50.69267317,10.0,2
50.71267817,10.0,2
50.73268317,10.0,2
50.75268817,10.0,2
50.77269317,10.0,2
50.79269817,10.0,2
50.81270318,10.0,2
50.83270818,10.0,2
50.85271318,10.0,2
50.87271818,10.0,2
50.89272318,10.0,2
50.91272818,10.0,2
50.93273318,10.0,2
50.95273818,10.0,2
50.97274319,10.0,2
50.99274819,10.0,2
51.01275319,10.0,2
51.03275819,10.0,2
51.05276319,10.0,2
51.07276819,10.0,2
51.09277319,10.0,2
51.11277819,10.0,2
51.1327832,10.0,2
51.1527882,10.0,2
51.1727932,10.0,2
51.1927982,10.0,2
51.2128032,10.0,2
51.2328082,10.0,2
51.2528132,10.0,2
51.2728182,10.0,2
51.29282321,10.0,2
51.31282821,10.0,2
51.33283321,10.0,2
51.35283821,10.0,2
51.37284321,10.0,2
51.39284821,10.0,2
51.41285321,10.0,2
51.43285821,10.0,2
51.45286322,10.0,2
51.47286822,10.0,2
51.49287322,10.0,2
51.51287822,10.0,2
51.53288322,10.0,2
51.55288822,10.0,2
51.57289322,10.0,2
51.59289822,10.0,2
51.61290323,10.0,2
51.63290823,10.0,2
51.65291323,10.0,2
51.67291823,10.0,2
51.69292323,10.0,2
51.71292823,10.0,2
51.73293323,10.0,2
51.75293823,10.0,2
51.77294324,10.0,2
51.79294824,10.0,2
51.81295324,10.0,2
51.83295824,10.0,2
51.85296324,10.0,2
51.87296824,10.0,2
51.89297324,10.0,2
51.91297824,10.0,2
51.93298325,10.0,2
51.95298825,10.0,2
51.97299325,10.0,2
51.99299825,10.0,2
52.01300325,10.0,2
52.03300825,10.0,0
52.05301325,10.0,0
52.07301825,10.0,0
52.09302326,10.0,0
52.11302826,10.0,0
52.13303326,10.0,0
52.15303826,10.0,0
52.17304326,10.0,0
52.19304826,10.0,0
52.21305326,10.0,0
52.23305826,10.0,0
52.25306327,10.0,0
52.27306827,10.0,0
52.29307327,10.0,0
52.31307827,10.0,0
52.33308327,10.0,0
52.35308827,10.0,0
52.37309327,10.0,0
52.39309827,10.0,0
52.41310328,10.0,0
52.43310828,10.0,0
52.45311328,10.0,0
52.47311828,10.0,0
52.49312328,10.0,0
52.51312828,10.0,0
52.53313328,10.0,0
52.55313828,10.0,0
52.57314329,10.0,0
52.59314829,10.0,0
52.61315329,10.0,0
52.63315829,10.0,0
52.65316329,10.0,0
52.67316829,10.0,0
52.69317329,10.0,0
52.71317829,10.0,0
52.7331833,10.0,0
52.7531883,10.0,0
52.7731933,10.0,0
52.7931983,10.0,0
52.8132033,10.0,0
52.8332083,10.0,0
52.8532133,10.0,0
52.8732183,10.0,0
52.89322331,10.0,0
52.91322831,10.0,0
52.93323331,10.0,0
52.95323831,10.0,0
52.97324331,10.0,0
52.99324831,10.0,0
53.01325331,10.0,0
53.03325831,10.0,0
53.05326332,10.0,0
53.07326832,10.0,0
53.09327332,10.0,0
53.11327832,10.0,0
53.13328332,10.0,0
53.15328832,10.0,0
53.17329332,10.0,0
53.19329832,10.0,0
53.21330333,10.0,0
53.23330833,10.0,0
53.25331333,10.0,0
53.27331833,10.0,0
53.29332333,10.0,0
53.31332833,10.0,0
53.33333333,10.0,0
53.35333833,10.0,0
53.37334334,10.0,0
53.39334834,10.0,0
53.41335334,10.0,0
53.43335834,10.0,0
53.45336334,10.0,0
53.47336834,10.0,0
53.49337334,10.0,0
53.51337834,10.0,0
53.53338335,10.0,0
53.55338835,10.0,0
53.57339335,10.0,0
53.59339835,10.0,0
53.61340335,10.0,0
53.63340835,10.0,0
53.65341335,10.0,0
53.67341835,10.0,0
53.69342336,10.0,0
53.71342836,10.0,0
53.73343336,10.0,0
53.75343836,10.0,0
53.77344336,10.0,0
53.79344836,10.0,0
53.81345336,10.0,0
53.83345836,10.0,0
53.85346337,10.0,0
53.87346837,10.0,0
53.89347337,10.0,0
53.91347837,10.0,0
53.93348337,10.0,0
53.95348837,10.0,0
53.97349337,10.0,0
53.99349837,10.0,0
54.01350338,10.0,0
54.03350838,10.0,0
54.05351338,10.0,0
54.07351838,10.0,0
54.09352338,10.0,0
54.11352838,10.0,0
54.13353338,10.0,0
54.15353838,10.0,0
54.17354339,10.0,0
54.19354839,10.0,0
54.21355339,10.0,0
54.23355839,10.0,0
54.25356339,10.0,0
54.27356839,10.0,0
54.29357339,10.0,0
54.31357839,10.0,0
54.3335834,10.0,0
54.3535884,10.0,0
54.3735934,10.0,0
54.3935984,10.0,0
54.4136034,10.0,0
54.4336084,10.0,0
54.4536134,10.0,0
54.4736184,10.0,0
54.49362341,10.0,0
54.51362841,10.0,0
54.53363341,10.0,0
54.55363841,10.0,0
54.57364341,10.0,0
54.59364841,10.0,0
54.61365341,10.0,0
54.63365841,10.0,0
54.65366342,10.0,0
54.67366842,10.0,0
54.69367342,10.0,0
54.71367842,10.0,0
54.73368342,10.0,0
54.75368842,10.0,0
54.77369342,10.0,0
54.79369842,10.0,0
54.81370343,10.0,0
54.83370843,10.0,0
54.85371343,10.0,0
54.87371843,10.0,0
54.89372343,10.0,0
54.91372843,10.0,0
54.93373343,10.0,0
54.95373843,10.0,0
54.97374344,10.0,0
54.99374844,10.0,0
55.01375344,10.0,0
55.03375844,10.0,0
55.05376344,10.0,0
55.07376844,10.0,0
55.09377344,10.0,0
55.11377844,10.0,0
55.13378345,10.0,0
55.15378845,10.0,0
55.17379345,10.0,0
55.19379845,10.0,0
55.21380345,10.0,0
55.23380845,10.0,0
55.25381345,10.0,0
55.27381845,10.0,0
55.29382346,10.0,0
55.31382846,10.0,0
55.33383346,10.0,0
55.35383846,10.0,0
55.37384346,10.0,0
55.39384846,10.0,0
55.41385346,10.0,0
55.43385846,10.0,0
55.45386347,10.0,0
55.47386847,10.0,0
55.49387347,10.0,0
55.51387847,10.0,0
55.53388347,10.0,0
55.55388847,10.0,0
55.57389347,10.0,0
55.59389847,10.0,0
55.61390348,10.0,0
55.63390848,10.0,0
55.65391348,10.0,0
55.67391848,10.0,0
55.69392348,10.0,0
55.71392848,10.0,0
55.73393348,10.0,0
55.75393848,10.0,0
55.77394349,10.0,0
55.79394849,10.0,0
55.81395349,10.0,0
55.83395849,10.0,0
55.85396349,10.0,0
55.87396849,10.0,0
55.89397349,10.0,0
55.91397849,10.0,0
55.9339835,10.0,0
55.9539885,10.0,0
55.9739935,10.0,0
55.9939985,10.0,0
56.0140035,10.0,0
56.0340085,10.0,0
56.0540135,10.0,0
56.0740185,10.0,0
56.09402351,10.0,0
56.11402851,10.0,0
56.13403351,10.0,0
56.15403851,10.0,0
56.17404351,10.0,0
56.19404851,10.0,0
56.21405351,10.0,0
56.23405851,10.0,0
56.25406352,10.0,0
56.27406852,10.0,0
56.29407352,10.0,0
56.31407852,10.0,0
56.33408352,10.0,0
56.35408852,10.0,0
56.37409352,10.0,0
56.39409852,10.0,0
56.41410353,10.0,0
56.43410853,10.0,0
56.45411353,10.0,0
56.47411853,10.0,0
56.49412353,10.0,0
56.51412853,10.0,0
56.53413353,10.0,0
56.55413853,10.0,0
56.57414354,10.0,0
56.59414854,10.0,0
56.61415354,10.0,0
56.63415854,10.0,0
56.65416354,10.0,0
56.67416854,10.0,0
56.69417354,10.0,0
56.71417854,10.0,0
56.73418355,10.0,0
56.75418855,10.0,0
56.77419355,10.0,0
56.79419855,10.0,0
56.81420355,10.0,0
56.83420855,10.0,0
56.85421355,10.0,0
56.87421855,10.0,0
56.89422356,10.0,0
56.91422856,10.0,0
56.93423356,10.0,0
56.95423856,10.0,0
56.97424356,10.0,0
56.99424856,10.0,0
57.01425356,10.0,0
57.03425856,10.0,0
57.05426357,10.0,0
57.07426857,10.0,0
57.09427357,10.0,0
57.11427857,10.0,0
57.13428357,10.0,0
57.15428857,10.0,0
57.17429357,10.0,0
57.19429857,10.0,0
57.21430358,10.0,0
57.23430858,10.0,0
57.25431358,10.0,0
57.27431858,10.0,0
57.29432358,10.0,0
57.31432858,10.0,0
57.33433358,10.0,0
57.35433858,10.0,0
57.37434359,10.0,0
57.39434859,10.0,0
57.41435359,10.0,0
57.43435859,10.0,0
57.45436359,10.0,0
57.47436859,10.0,0
57.49437359,10.0,0
57.51437859,10.0,0
57.5343836,10.0,0
57.5543886,10.0,0
57.5743936,10.0,0
57.5943986,10.0,0
57.6144036,10.0,0
57.6344086,10.0,0
57.6544136,10.0,0
57.6744186,10.0,0
57.69442361,10.0,0
57.71442861,10.0,0
57.73443361,10.0,0
57.75443861,10.0,0
57.77444361,10.0,0
57.79444861,10.0,0
57.81445361,10.0,0
57.83445861,10.0,0
57.85446362,10.0,0
57.87446862,10.0,0
57.89447362,10.0,0
57.91447862,10.0,0
57.93448362,10.0,0
57.95448862,10.0,0
57.97449362,10.0,0
57.99449862,10.0,0
58.01450363,10.0,0
58.03450863,10.0,0
58.05451363,10.0,0
58.07451863,10.0,0
58.09452363,10.0,0
58.11452863,10.0,0
58.13453363,10.0,0
58.15453863,10.0,0
58.17454364,10.0,0
58.19454864,10.0,0
58.21455364,10.0,0
58.23455864,10.0,0
58.25456364,10.0,0
58.27456864,10.0,0
58.29457364,10.0,0
58.31457864,10.0,0
58.33458365,10.0,0
58.35458865,10.0,0
58.37459365,10.0,0
58.39459865,10.0,0
58.41460365,10.0,0
58.43460865,10.0,0
58.45461365,10.0,0
58.47461865,10.0,0
58.49462366,10.0,0
58.51462866,10.0,0
58.53463366,10.0,0
58.55463866,10.0,0
58.57464366,10.0,0
58.59464866,10.0,0
58.61465366,10.0,0
58.63465866,10.0,0
58.65466367,10.0,0
58.67466867,10.0,0
58.69467367,10.0,0
58.71467867,10.0,0
58.73468367,10.0,0
58.75468867,10.0,0
58.77469367,10.0,0
58.79469867,10.0,0
58.81470368,10.0,0
58.83470868,10.0,0
58.85471368,10.0,0
58.87471868,10.0,0
58.89472368,10.0,0
58.91472868,10.0,0
58.93473368,10.0,0
58.95473868,10.0,0
58.97474369,10.0,0
58.99474869,10.0,0
59.01475369,10.0,0
59.03475869,10.0,0
59.05476369,10.0,0
59.07476869,10.0,0
59.09477369,10.0,0
59.11477869,10.0,0
59.1347837,10.0,0
59.1547887,10.0,0
59.1747937,10.0,0
59.1947987,10.0,0
59.2148037,10.0,0
59.2348087,10.0,0
59.2548137,10.0,0
59.2748187,10.0,0
59.29482371,10.0,0
59.31482871,10.0,0
59.33483371,10.0,0
59.35483871,10.0,0
59.37484371,10.0,0
59.39484871,10.0,0
59.41485371,10.0,0
59.43485871,10.0,0
59.45486372,10.0,0
59.47486872,10.0,0
59.49487372,10.0,0
59.51487872,10.0,0
59.53488372,10.0,0
59.55488872,10.0,0
59.57489372,10.0,0
59.59489872,10.0,0
59.61490373,10.0,0
59.63490873,10.0,0
59.65491373,10.0,0
59.67491873,10.0,0
59.69492373,10.0,0
59.71492873,10.0,0
59.73493373,10.0,0
59.75493873,10.0,0
59.77494374,10.0,0
59.79494874,10.0,0
59.81495374,10.0,0
59.83495874,10.0,0
59.85496374,10.0,0
59.87496874,10.0,0
59.89497374,10.0,0
59.91497874,10.0,0
59.93498375,10.0,0
59.95498875,10.0,0
59.97499375,10.0,0
59.99499875,10.0,0
60.01500375,10.0,0
60.03500875,10.0,0
60.05501375,10.0,0
60.07501875,10.0,0
60.09502376,10.0,0
60.11502876,10.0,0
60.13503376,10.0,0
60.15503876,10.0,0
60.17504376,10.0,0
60.19504876,10.0,0
60.21505376,10.0,0
60.23505876,10.0,0
60.25506377,10.0,0
60.27506877,10.0,0
60.29507377,10.0,0
60.31507877,10.0,0
60.33508377,10.0,0
60.35508877,10.0,0
60.37509377,10.0,0
60.39509877,10.0,0
60.41510378,10.0,0
60.43510878,10.0,0
60.45511378,10.0,0
60.47511878,10.0,0
60.49512378,10.0,0
60.51512878,10.0,0
60.53513378,10.0,0
60.55513878,10.0,0
60.57514379,10.0,0
60.59514879,10.0,0
60.61515379,10.0,0
60.63515879,10.0,0
60.65516379,10.0,0
60.67516879,10.0,0
60.69517379,10.0,0
60.71517879,10.0,0
60.7351838,10.0,0
60.7551888,10.0,0
60.7751938,10.0,0
60.7951988,10.0,0
60.8152038,10.0,0
60.8352088,10.0,0
60.8552138,10.0,0
60.8752188,10.0,0
60.89522381,10.0,0
60.91522881,10.0,0
60.93523381,10.0,0
60.95523881,10.0,0
60.97524381,10.0,0
60.99524881,10.0,0
61.01525381,10.0,0
61.03525881,10.0,0
61.05526382,10.0,0
61.07526882,10.0,0
61.09527382,10.0,0
61.11527882,10.0,0
61.13528382,10.0,0
61.15528882,10.0,0
61.17529382,10.0,0
61.19529882,10.0,0
61.21530383,10.0,0
61.23530883,10.0,0
61.25531383,10.0,0
61.27531883,10.0,0
61.29532383,10.0,0
61.31532883,10.0,0
61.33533383,10.0,0
61.35533883,10.0,0
61.37534384,10.0,0
61.39534884,10.0,0
61.41535384,10.0,0
61.43535884,10.0,0
61.45536384,10.0,0
61.47536884,10.0,0
61.49537384,10.0,0
61.51537884,10.0,0
61.53538385,10.0,0
61.55538885,10.0,0
61.57539385,10.0,0
61.59539885,10.0,0
61.61540385,10.0,0
61.63540885,10.0,0
61.65541385,10.0,0
61.67541885,10.0,0
61.69542386,10.0,0
61.71542886,10.0,0
61.73543386,10.0,0
61.75543886,10.0,0
61.77544386,10.0,0
61.79544886,10.0,0
61.81545386,10.0,0
61.83545886,10.0,0
61.85546387,10.0,0
61.87546887,10.0,0
61.89547387,10.0,0
61.91547887,10.0,0
61.93548387,10.0,0
61.95548887,10.0,0
61.97549387,10.0,0
61.99549887,10.0,0
62.01550388,10.0,0
62.03550888,10.0,0
62.05551388,10.0,0
62.07551888,10.0,0
62.09552388,10.0,0
62.11552888,10.0,0
62.13553388,10.0,0
62.15553888,10.0,0
62.17554389,10.0,0
62.19554889,10.0,0
62.21555389,10.0,0
62.23555889,10.0,0
62.25556389,10.0,0
62.27556889,10.0,0
62.29557389,10.0,0
62.31557889,10.0,0
62.3355839,10.0,0
62.3555889,10.0,0
62.3755939,10.0,0
62.3955989,10.0,0
62.4156039,10.0,0
62.4356089,10.0,0
62.4556139,10.0,0
62.4756189,10.0,0
62.49562391,10.0,0
62.51562891,10.0,0
62.53563391,10.0,0
62.55563891,10.0,0
62.57564391,10.0,0
62.59564891,10.0,0
62.61565391,10.0,0
62.63565891,10.0,0
62.65566392,10.0,0
62.67566892,10.0,0
62.69567392,10.0,0
62.71567892,10.0,0
62.73568392,10.0,0
62.75568892,10.0,0
62.77569392,10.0,0
62.79569892,10.0,0
62.81570393,10.0,0
62.83570893,10.0,0
62.85571393,10.0,0
62.87571893,10.0,0
62.89572393,10.0,0
62.91572893,10.0,0
62.93573393,10.0,0
62.95573893,10.0,0
62.97574394,10.0,0
62.99574894,10.0,0
63.01575394,10.0,0
63.03575894,10.0,0
63.05576394,10.0,0
63.07576894,10.0,0
63.09577394,10.0,0
63.11577894,10.0,0
63.13578395,10.0,0
63.15578895,10.0,0
63.17579395,10.0,0
63.19579895,10.0,0
63.21580395,10.0,0
63.23580895,10.0,0
63.25581395,10.0,0
63.27581895,10.0,0
63.29582396,10.0,0
63.31582896,10.0,0
63.33583396,10.0,0
63.35583896,10.0,0
63.37584396,10.0,0
63.39584896,10.0,0
63.41585396,10.0,0
63.43585896,10.0,0
63.45586397,10.0,0
63.47586897,10.0,0
63.49587397,10.0,0
63.51587897,10.0,0
63.53588397,10.0,0
63.55588897,10.0,0
63.57589397,10.0,0
63.59589897,10.0,0
63.61590398,10.0,0
63.63590898,10.0,0
63.65591398,10.0,0
63.67591898,10.0,0
63.69592398,10.0,0
63.71592898,10.0,0
63.73593398,10.0,0
63.75593898,10.0,0
63.77594399,10.0,0
63.79594899,10.0,0
63.81595399,10.0,0
63.83595899,10.0,0
63.85596399,10.0,0
63.87596899,10.0,0
63.89597399,10.0,0
63.91597899,10.0,0
63.935984,10.0,0
63.955989,10.0,0
63.975994,10.0,0
63.995999,10.0,0
64.016004,10.0,0
64.036009,10.0,0
64.056014,10.0,0
64.076019,10.0,0
64.09602401,10.0,0
64.11602901,10.0,0
64.13603401,10.0,0
64.15603901,10.0,0
64.17604401,10.0,0
64.19604901,10.0,0
64.21605401,10.0,0
64.23605901,10.0,0
64.25606402,10.0,0
64.27606902,10.0,0
64.29607402,10.0,0
64.31607902,10.0,0
64.33608402,10.0,0
64.35608902,10.0,0
64.37609402,10.0,0
64.39609902,10.0,0
64.41610403,10.0,0
64.43610903,10.0,0
64.45611403,10.0,0
64.47611903,10.0,0
64.49612403,10.0,0
64.51612903,10.0,0
64.53613403,10.0,0
64.55613903,10.0,0
64.57614404,10.0,0
64.59614904,10.0,0
64.61615404,10.0,0
64.63615904,10.0,0
64.65616404,10.0,0
64.67616904,10.0,0
64.69617404,10.0,0
64.71617904,10.0,0
64.73618405,10.0,0
64.75618905,10.0,0
64.77619405,10.0,0
64.79619905,10.0,0
64.81620405,10.0,0
64.83620905,10.0,0
64.85621405,10.0,0
64.87621905,10.0,0
64.89622406,10.0,0
64.91622906,10.0,0
64.93623406,10.0,0
64.95623906,10.0,0
64.97624406,10.0,0
64.99624906,10.0,0
65.01625406,10.0,0
65.03625906,10.0,0
65.05626407,10.0,0
65.07626907,10.0,0
65.09627407,10.0,0
65.11627907,10.0,0
65.13628407,10.0,0
65.15628907,10.0,0
65.17629407,10.0,0
65.19629907,10.0,0
65.21630408,10.0,0
65.23630908,10.0,0
65.25631408,10.0,0
65.27631908,10.0,0
65.29632408,10.0,0
65.31632908,10.0,0
65.33633408,10.0,0
65.35633908,10.0,0
65.37634409,10.0,0
65.39634909,10.0,0
65.41635409,10.0,0
65.43635909,10.0,0
65.45636409,10.0,0
65.47636909,10.0,0
65.49637409,10.0,0
65.51637909,10.0,0
65.5363841,10.0,0
65.5563891,10.0,0
65.5763941,10.0,0
65.5963991,10.0,0
65.6164041,10.0,0
65.6364091,10.0,0
65.6564141,10.0,0
65.6764191,10.0,0
65.69642411,10.0,0
65.71642911,10.0,0
65.73643411,10.0,0
65.75643911,10.0,0
65.77644411,10.0,0
65.79644911,10.0,0
65.81645411,10.0,0
65.83645911,10.0,0
65.85646412,10.0,0
65.87646912,10.0,0
65.89647412,10.0,0
65.91647912,10.0,0
65.93648412,10.0,0
65.95648912,10.0,0
65.97649412,10.0,0
65.99649912,10.0,0
66.01650413,10.0,0
66.03650913,10.0,0
66.05651413,10.0,0
66.07651913,10.0,0
66.09652413,10.0,0
66.11652913,10.0,0
66.13653413,10.0,0
66.15653913,10.0,0
66.17654414,10.0,0
66.19654914,10.0,0
66.21655414,10.0,0
66.23655914,10.0,0
66.25656414,10.0,0
66.27656914,10.0,0
66.29657414,10.0,0
66.31657914,10.0,0
66.33658415,10.0,0
66.35658915,10.0,0
66.37659415,10.0,0
66.39659915,10.0,0
66.41660415,10.0,0
66.43660915,10.0,0
66.45661415,10.0,0
66.47661915,10.0,0
66.49662416,10.0,0
66.51662916,10.0,0
66.53663416,10.0,0
66.55663916,10.0,0
66.57664416,10.0,0
66.59664916,10.0,0
66.61665416,10.0,0
66.63665916,10.0,0
66.65666417,10.0,0
66.67666917,10.0,0
66.69667417,10.0,0
66.71667917,10.0,0
66.73668417,10.0,0
66.75668917,10.0,0
66.77669417,10.0,0
66.79669917,10.0,0
66.81670418,10.0,0
66.83670918,10.0,0
66.85671418,10.0,0
66.87671918,10.0,0
66.89672418,10.0,0
66.91672918,10.0,0
66.93673418,10.0,0
66.95673918,10.0,0
66.97674419,10.0,0
66.99674919,10.0,0
67.01675419,10.0,0
67.03675919,10.0,0
67.05676419,10.0,0
67.07676919,10.0,0
67.09677419,10.0,0
67.11677919,10.0,0
67.1367842,10.0,0
67.1567892,10.0,0
67.1767942,10.0,0
67.1967992,10.0,0
67.2168042,10.0,0
67.2368092,10.0,0
67.2568142,10.0,0
67.2768192,10.0,0
67.29682421,10.0,0
67.31682921,10.0,0
67.33683421,10.0,0
67.35683921,10.0,0
67.37684421,10.0,0
67.39684921,10.0,0
67.41685421,10.0,0
67.43685921,10.0,0
67.45686422,10.0,0
67.47686922,10.0,0
67.49687422,10.0,0
67.51687922,10.0,0
67.53688422,10.0,0
67.55688922,10.0,0
67.57689422,10.0,0
67.59689922,10.0,0
67.61690423,10.0,0
67.63690923,10.0,0
67.65691423,10.0,0
67.67691923,10.0,0
67.69692423,10.0,0
67.71692923,10.0,0
67.73693423,10.0,0
67.75693923,10.0,0
67.77694424,10.0,0
67.79694924,10.0,0
67.81695424,10.0,0
67.83695924,10.0,0
67.85696424,10.0,0
67.87696924,10.0,0
67.89697424,10.0,0
67.91697924,10.0,0
67.93698425,10.0,0
67.95698925,10.0,0
67.97699425,10.0,0
67.99699925,10.0,0
68.01700425,10.0,0
68.03700925,10.0,0
68.05701425,10.0,0
68.07701925,10.0,0
68.09702426,10.0,0
68.11702926,10.0,0
68.13703426,10.0,0
68.15703926,10.0,0
68.17704426,10.0,0
68.19704926,10.0,0
68.21705426,10.0,0
68.23705926,10.0,0
68.25706427,10.0,0
68.27706927,10.0,0
68.29707427,10.0,0
68.31707927,10.0,0
68.33708427,10.0,0
68.35708927,10.0,0
68.37709427,10.0,0
68.39709927,10.0,0
68.41710428,10.0,0
68.43710928,10.0,0
68.45711428,10.0,0
68.47711928,10.0,0
68.49712428,10.0,0
68.51712928,10.0,0
68.53713428,10.0,0
68.55713928,10.0,0
68.57714429,10.0,0
68.59714929,10.0,0
68.61715429,10.0,0
68.63715929,10.0,0
68.65716429,10.0,0
68.67716929,10.0,0
68.69717429,10.0,0
68.71717929,10.0,0
68.7371843,10.0,0
68.7571893,10.0,0
68.7771943,10.0,0
68.7971993,10.0,0
68.8172043,10.0,0
68.8372093,10.0,0
68.8572143,10.0,0
68.8772193,10.0,0
68.89722431,10.0,0
68.91722931,10.0,0
68.93723431,10.0,0
68.95723931,10.0,0
68.97724431,10.0,0
68.99724931,10.0,0
69.01725431,10.0,0
69.03725931,10.0,0
69.05726432,10.0,0
69.07726932,10.0,0
69.09727432,10.0,0
69.11727932,10.0,0
69.13728432,10.0,0
69.15728932,10.0,0
69.17729432,10.0,0
69.19729932,10.0,0
69.21730433,10.0,0
69.23730933,10.0,0
69.25731433,10.0,0
69.27731933,10.0,0
69.29732433,10.0,0
69.31732933,10.0,0
69.33733433,10.0,0
69.35733933,10.0,0
69.37734434,10.0,0
69.39734934,10.0,0
69.41735434,10.0,0
69.43735934,10.0,0
69.45736434,10.0,0
69.47736934,10.0,0
69.49737434,10.0,0
69.51737934,10.0,0
69.53738435,10.0,0
69.55738935,10.0,0
69.57739435,10.0,0
69.59739935,10.0,0
69.61740435,10.0,0
69.63740935,10.0,0
69.65741435,10.0,0
69.67741935,10.0,0
69.69742436,10.0,0
69.71742936,10.0,0
69.73743436,10.0,0
69.75743936,10.0,0
69.77744436,10.0,0
69.79744936,10.0,0
69.81745436,10.0,0
69.83745936,10.0,0
69.85746437,10.0,0
69.87746937,10.0,0
69.89747437,10.0,0
69.91747937,10.0,0
69.93748437,10.0,0
69.95748937,10.0,0
69.97749437,10.0,0
69.99749937,10.0,0
70.01750438,10.0,0
70.03750938,10.0,0
70.05751438,10.0,0
70.07751938,10.0,0
70.09752438,10.0,0
70.11752938,10.0,0
70.13753438,10.0,0
70.15753938,10.0,0
70.17754439,10.0,0
70.19754939,10.0,0
70.21755439,10.0,0
70.23755939,10.0,0
70.25756439,10.0,0
70.27756939,10.0,0
70.29757439,10.0,0
70.31757939,10.0,0
70.3375844,10.0,0
70.3575894,10.0,0
70.3775944,10.0,0
70.3975994,10.0,0
70.4176044,10.0,0
70.4376094,10.0,0
70.4576144,10.0,0
70.4776194,10.0,0
70.49762441,10.0,0
70.51762941,10.0,0
70.53763441,10.0,0
70.55763941,10.0,0
70.57764441,10.0,0
70.59764941,10.0,0
70.61765441,10.0,0
70.63765941,10.0,0
70.65766442,10.0,0
70.67766942,10.0,0
70.69767442,10.0,0
70.71767942,10.0,0
70.73768442,10.0,0
70.75768942,10.0,0
70.77769442,10.0,0
70.79769942,10.0,0
70.81770443,10.0,0
70.83770943,10.0,0
70.85771443,10.0,0
70.87771943,10.0,0
70.89772443,10.0,0
70.91772943,10.0,0
70.93773443,10.0,0
70.95773943,10.0,0
70.97774444,10.0,0
70.99774944,10.0,0
71.01775444,10.0,0
71.03775944,10.0,0
71.05776444,10.0,0
71.07776944,10.0,0
71.09777444,10.0,0
71.11777944,10.0,0
71.13778445,10.0,0
71.15778945,10.0,0
71.17779445,10.0,0
71.19779945,10.0,0
71.21780445,10.0,0
71.23780945,10.0,0
71.25781445,10.0,0
71.27781945,10.0,0
71.29782446,10.0,0
71.31782946,10.0,0
71.33783446,10.0,0
71.35783946,10.0,0
71.37784446,10.0,0
71.39784946,10.0,0
71.41785446,10.0,0
71.43785946,10.0,0
71.45786447,10.0,0
71.47786947,10.0,0
71.49787447,10.0,0
71.51787947,10.0,0
71.53788447,10.0,0
71.55788947,10.0,0
71.57789447,10.0,0
71.59789947,10.0,0
71.61790448,10.0,0
71.63790948,10.0,0
71.65791448,10.0,0
71.67791948,10.0,0
71.69792448,10.0,0
71.71792948,10.0,0
71.73793448,10.0,0
71.75793948,10.0,0
71.77794449,10.0,0
71.79794949,10.0,0
71.81795449,10.0,0
71.83795949,10.0,0
71.85796449,10.0,0
71.87796949,10.0,0
71.89797449,10.0,0
71.91797949,10.0,0
71.9379845,10.0,0
71.9579895,10.0,0
71.9779945,10.0,0
71.9979995,10.0,0
72.0180045,10.0,0
72.0380095,10.0,0
72.0580145,10.0,0
72.0780195,10.0,0
72.09802451,10.0,0
72.11802951,10.0,0
72.13803451,10.0,0
72.15803951,10.0,0
72.17804451,10.0,0
72.19804951,10.0,0
72.21805451,10.0,0
72.23805951,10.0,0
72.25806452,10.0,0
72.27806952,10.0,0
72.29807452,10.0,0
72.31807952,10.0,0
72.33808452,10.0,0
72.35808952,10.0,0
72.37809452,10.0,0
72.39809952,10.0,0
72.41810453,10.0,0
72.43810953,10.0,0
72.45811453,10.0,0
72.47811953,10.0,0
72.49812453,10.0,0
72.51812953,10.0,0
72.53813453,10.0,0
72.55813953,10.0,0
72.57814454,10.0,0
72.59814954,10.0,0
72.61815454,10.0,0
72.63815954,10.0,0
72.65816454,10.0,0
72.67816954,10.0,0
72.69817454,10.0,0
72.71817954,10.0,0
72.73818455,10.0,0
72.75818955,10.0,0
72.77819455,10.0,0
72.79819955,10.0,0
72.81820455,10.0,0
72.83820955,10.0,0
72.85821455,10.0,0
72.87821955,10.0,0
72.89822456,10.0,0
72.91822956,10.0,0
72.93823456,10.0,0
72.95823956,10.0,0
72.97824456,10.0,0
72.99824956,10.0,0
73.01825456,10.0,0
73.03825956,10.0,0
73.05826457,10.0,0
73.07826957,10.0,0
73.09827457,10.0,0
73.11827957,10.0,0
73.13828457,10.0,0
73.15828957,10.0,0
73.17829457,10.0,0
73.19829957,10.0,0
73.21830458,10.0,0
73.23830958,10.0,0
73.25831458,10.0,0
73.27831958,10.0,0
73.29832458,10.0,0
73.31832958,10.0,0
73.33833458,10.0,0
73.35833958,10.0,0
73.37834459,10.0,0
73.39834959,10.0,0
73.41835459,10.0,0
73.43835959,10.0,0
73.45836459,10.0,0
73.47836959,10.0,0
73.49837459,10.0,0
73.51837959,10.0,0
73.5383846,10.0,0
73.5583896,10.0,0
73.5783946,10.0,0
73.5983996,10.0,0
73.6184046,10.0,0
73.6384096,10.0,0
73.6584146,10.0,0
73.6784196,10.0,0
73.69842461,10.0,0
73.71842961,10.0,0
73.73843461,10.0,0
73.75843961,10.0,0
73.77844461,10.0,0
73.79844961,10.0,0
73.81845461,10.0,0
73.83845961,10.0,0
73.85846462,10.0,0
73.87846962,10.0,0
73.89847462,10.0,0
73.91847962,10.0,0
73.93848462,10.0,0
73.95848962,10.0,0
73.97849462,10.0,0
73.99849962,10.0,0
74.01850463,10.0,0
74.03850963,10.0,0
74.05851463,10.0,0
74.07851963,10.0,0
74.09852463,10.0,0
74.11852963,10.0,0
74.13853463,10.0,0
74.15853963,10.0,0
74.17854464,10.0,0
74.19854964,10.0,0
74.21855464,10.0,0
74.23855964,10.0,0
74.25856464,10.0,0
74.27856964,10.0,0
74.29857464,10.0,0
74.31857964,10.0,0
74.33858465,10.0,0
74.35858965,10.0,0
74.37859465,10.0,0
74.39859965,10.0,0
74.41860465,10.0,0
74.43860965,10.0,0
74.45861465,10.0,0
74.47861965,10.0,0
74.49862466,10.0,0
74.51862966,10.0,0
74.53863466,10.0,0
74.55863966,10.0,0
74.57864466,10.0,0
74.59864966,10.0,0
74.61865466,10.0,0
74.63865966,10.0,0
74.65866467,10.0,0
74.67866967,10.0,0
74.69867467,10.0,0
74.71867967,10.0,0
74.73868467,10.0,0
74.75868967,10.0,0
74.77869467,10.0,0
74.79869967,10.0,0
74.81870468,10.0,0
74.83870968,10.0,0
74.85871468,10.0,0
74.87871968,10.0,0
74.89872468,10.0,0
74.91872968,10.0,0
74.93873468,10.0,0
74.95873968,10.0,0
74.97874469,10.0,0
74.99874969,10.0,0
75.01875469,10.0,0
75.03875969,10.0,0
75.05876469,10.0,0
75.07876969,10.0,0
75.09877469,10.0,0
75.11877969,10.0,0
75.1387847,10.0,0
75.1587897,10.0,0
75.1787947,10.0,0
75.1987997,10.0,0
75.2188047,10.0,0
75.2388097,10.0,0
75.2588147,10.0,0
75.2788197,10.0,0
75.29882471,10.0,0
75.31882971,10.0,0
75.33883471,10.0,0
75.35883971,10.0,0
75.37884471,10.0,0
75.39884971,10.0,0
75.41885471,10.0,0
75.43885971,10.0,0
75.45886472,10.0,0
75.47886972,10.0,0
75.49887472,10.0,0
75.51887972,10.0,0
75.53888472,10.0,0
75.55888972,10.0,0
75.57889472,10.0,0
75.59889972,10.0,0
75.61890473,10.0,0
75.63890973,10.0,0
75.65891473,10.0,0
75.67891973,10.0,0
75.69892473,10.0,0
75.71892973,10.0,0
75.73893473,10.0,0
75.75893973,10.0,0
75.77894474,10.0,0
75.79894974,10.0,0
75.81895474,10.0,0
75.83895974,10.0,0
75.85896474,10.0,0
75.87896974,10.0,0
75.89897474,10.0,0
75.91897974,10.0,0
75.93898475,10.0,0
75.95898975,10.0,0
75.97899475,10.0,0
75.99899975,10.0,0
76.01900475,10.0,0
76.03900975,10.0,0
76.05901475,10.0,0
76.07901975,10.0,0
76.09902476,10.0,0
76.11902976,10.0,0
76.13903476,10.0,0
76.15903976,10.0,0
76.17904476,10.0,0
76.19904976,10.0,0
76.21905476,10.0,0
76.23905976,10.0,0
76.25906477,10.0,0
76.27906977,10.0,0
76.29907477,10.0,0
76.31907977,10.0,0
76.33908477,10.0,0
76.35908977,10.0,0
76.37909477,10.0,0
76.39909977,10.0,0
76.41910478,10.0,0
76.43910978,10.0,0
76.45911478,10.0,0
76.47911978,10.0,0
76.49912478,10.0,0
76.51912978,10.0,0
76.53913478,10.0,0
76.55913978,10.0,0
76.57914479,10.0,0
76.59914979,10.0,0
76.61915479,10.0,0
76.63915979,10.0,0
76.65916479,10.0,0
76.67916979,10.0,0
76.69917479,10.0,0
76.71917979,10.0,0
76.7391848,10.0,0
76.7591898,10.0,0
76.7791948,10.0,0
76.7991998,10.0,0
76.8192048,10.0,0
76.8392098,10.0,0
76.8592148,10.0,0
76.8792198,10.0,0
76.89922481,10.0,0
76.91922981,10.0,0
76.93923481,10.0,0
76.95923981,10.0,0
76.97924481,10.0,0
76.99924981,10.0,0
77.01925481,10.0,0
77.03925981,10.0,0
77.05926482,10.0,0
77.07926982,10.0,0
77.09927482,10.0,0
77.11927982,10.0,0
77.13928482,10.0,0
77.15928982,10.0,0
77.17929482,10.0,0
77.19929982,10.0,0
77.21930483,10.0,0
77.23930983,10.0,0
77.25931483,10.0,0
77.27931983,10.0,0
77.29932483,10.0,0
77.31932983,10.0,0
77.33933483,10.0,0
77.35933983,10.0,0
77.37934484,10.0,0
77.39934984,10.0,0
77.41935484,10.0,0
77.43935984,10.0,0
77.45936484,10.0,0
77.47936984,10.0,0
77.49937484,10.0,0
77.51937984,10.0,0
77.53938485,10.0,0
77.55938985,10.0,0
77.57939485,10.0,0
77.59939985,10.0,0
77.61940485,10.0,0
77.63940985,10.0,0
77.65941485,10.0,0
77.67941985,10.0,0
77.69942486,10.0,0
77.71942986,10.0,0
77.73943486,10.0,0
77.75943986,10.0,0
77.77944486,10.0,0
77.79944986,10.0,0
77.81945486,10.0,0
77.83945986,10.0,0
77.85946487,10.0,0
77.87946987,10.0,0
77.89947487,10.0,0
77.91947987,10.0,0
77.93948487,10.0,0
77.95948987,10.0,0
77.97949487,10.0,0
77.99949987,10.0,0
78.01950488,10.0,0
78.03950988,10.0,0
78.05951488,10.0,0
78.07951988,10.0,0
78.09952488,10.0,0
78.11952988,10.0,0
78.13953488,10.0,0
78.15953988,10.0,0
78.17954489,10.0,0
78.19954989,10.0,0
78.21955489,10.0,0
78.23955989,10.0,0
78.25956489,10.0,0
78.27956989,10.0,0
78.29957489,10.0,0
78.31957989,10.0,0
78.3395849,10.0,0
78.3595899,10.0,0
78.3795949,10.0,0
78.3995999,10.0,0
78.4196049,10.0,0
78.4396099,10.0,0
78.4596149,10.0,0
78.4796199,10.0,0
78.49962491,10.0,0
78.51962991,10.0,0
78.53963491,10.0,0
78.55963991,10.0,0
78.57964491,10.0,0
78.59964991,10.0,0
78.61965491,10.0,0
78.63965991,10.0,0
78.65966492,10.0,0
78.67966992,10.0,0
78.69967492,10.0,0
78.71967992,10.0,0
78.73968492,10.0,0
78.75968992,10.0,0
78.77969492,10.0,0
78.79969992,10.0,0
78.81970493,10.0,0
78.83970993,10.0,0
78.85971493,10.0,0
78.87971993,10.0,0
78.89972493,10.0,0
78.91972993,10.0,0
78.93973493,10.0,0
78.95973993,10.0,0
78.97974494,10.0,0
78.99974994,10.0,0
79.01975494,10.0,0
79.03975994,10.0,0
79.05976494,10.0,0
79.07976994,10.0,0
79.09977494,10.0,0
79.11977994,10.0,0
79.13978495,10.0,0
79.15978995,10.0,0
79.17979495,10.0,0
79.19979995,10.0,0
79.21980495,10.0,0
79.23980995,10.0,0
79.25981495,10.0,0
79.27981995,10.0,0
79.29982496,10.0,0
79.31982996,10.0,0
79.33983496,10.0,0
79.35983996,10.0,0
79.37984496,10.0,0
79.39984996,10.0,0
79.41985496,10.0,0
79.43985996,10.0,0
79.45986497,10.0,0
79.47986997,10.0,0
79.49987497,10.0,0
79.51987997,10.0,0
79.53988497,10.0,0
79.55988997,10.0,0
79.57989497,10.0,0
79.59989997,10.0,0
79.61990498,10.0,0
79.63990998,10.0,0
79.65991498,10.0,0
79.67991998,10.0,0
79.69992498,10.0,0
79.71992998,10.0,0
79.73993498,10.0,0
79.75993998,10.0,0
79.77994499,10.0,0
79.79994999,10.0,0
79.81995499,10.0,0
79.83995999,10.0,0
79.85996499,10.0,0
79.87996999,10.0,0
79.89997499,10.0,0
79.91997999,10.0,0
79.939985,10.0,0
79.95999,10.0,0
79.979995,10.0,0
80.0,10.0,0
